<?xml version="1.0" encoding="UTF-8" standalone="yes"?>
<addon id="plugin.video.primevideo" name="Prime Video" version="1.0" provider-name="Kodish-MC">
  <requires>
    <import addon="xbmc.python" version="2.1.0"/>
    <import addon="script.module.addon.common" />
  </requires>
  <extension point="xbmc.python.pluginsource" library="default.py">
        <provides>video</provides>
  </extension>
  <extension point="xbmc.addon.metadata">
		<summary lang="en">Prime Video</summary>
		<description lang="en">Laucher que Permite Rodar Amazon Prime Video</description>
		<disclaimer lang="en"></disclaimer>
		<forum>none</forum>
		<source></source>
		<website></website>
		<platform>all</platform>
	</extension>
	
</addon>
