<?xml version="1.0" encoding="UTF-8" standalone="yes"?>
<addon id="plugin.video.webplayer" name="Web Player RC" version="1.0.0" provider-name="KodishMC">
  <requires>
    <import addon="xbmc.python" version="2.1.0"/>
	
  </requires>
  <extension point="xbmc.python.pluginsource" library="default.py">
        <provides>video</provides>
  </extension>
  <extension point="xbmc.addon.metadata">
    <summary lang="en">Web Player RC</summary>
    <description lang="en">Web Player RC</description>
    <platform>all</platform>
  </extension>
</addon>
