<?xml version="1.0" encoding="UTF-8" standalone="yes"?>
<addon id="KeltecMP.repository" name="[B][COLOR gold]Repositorio[/COLOR]: [COLOR blue]KelTecMP[/COLOR] [COLOR red]IPTV[/COLOR][/B]" version="0.0.3" provider-name="Team Ezequiel KelTec">
	<extension point="xbmc.addon.repository" name="KelTecMP IPTV Repo">
		<info compressed="false">https://ia801400.us.archive.org/17/items/Repo-O-F-A/addons.xml</info>
		<checksum>https://ia801400.us.archive.org/17/items/Repo-O-F-A/addons.xml.md5</checksum>
		<datadir zip="true">https://ia801400.us.archive.org/17/items/Repo-O-F-A/Plugins/</datadir>
	</extension>
	<extension point="xbmc.addon.metadata">
		<summary>Repositorio Oficial KelTecMP IPTV</summary>
		<description>Repositorio oficial KelTecMP IPTV - Proibido reproducao //Grupo Facebook KeltecMP IPTV https://www.facebook.com/groups/1637920199584939/</description>
		<platform>all</platform>
	</extension>
</addon>