<?xml version="1.0" encoding="UTF-8" standalone="yes"?>
<addon id="plugin.video.quasar" name="-= [B]Quasar Stremio Linux[/B] =-" version="1.0" provider-name="Gleison lima Mod Kodish Team">
    <requires>
        <import addon="xbmc.python" version="2.1.0"/>
    </requires>
    <extension point="xbmc.python.pluginsource" library="default.py">
        <provides>video</provides>
    </extension>
    <extension point="xbmc.addon.metadata">
        <platform>all</platform>
        <summary>Quasar Stremio APK</summary>
        <description>Assista Filmes Em Torrent no Aplicativo Stremio, no seu Linux</description>
        <assets>
            <icon>icon.png</icon>
            <fanart>fanart.jpg</fanart>
        </assets>
    </extension>
</addon>
