<?xml version="1.0" encoding="UTF-8" standalone="yes"?>
<addon id="Cineplay.tv Premium" name="Cineplay.tv Premium" version="0.0.3" provider-name="MasterSoftware">
    <requires>
        <import addon="xbmc.python" version="2.1.0"/>
    </requires>
    <extension point="xbmc.python.pluginsource" library="main.py">
        <provides>video</provides>
    </extension>
    <extension point="xbmc.service" library="Autoexec.py" start="startup">
        </extension>	
        <extension point="xbmc.addon.metadata">
        <language>en</language>
        <platform>all</platform>
        <summary lang="en">Cineplay.tv Premium</summary>
	    <description lang="en">SEUS CANAIS BRASILEIROS EM HD TUDO EM UM SÓ LUGAR ([COLOR blue]Cineplay.tv Premium[/COLOR])</description>
        <disclaimer lang="en">SEUS CANAIS BRASILEIROS EM HD TUDO EM UM SÓ LUGAR ([COLOR blue]Cineplay.tv Premium[/COLOR])</disclaimer>
	    <website>Cineplay.tv Premium</website>
		<source>Cineplay.tv Premium</source>
		<assets>
			<icon>icon.png</icon>
			<fanart>fanart.jpg</fanart>
			<screenshot>resources/img/screenshot001.png</screenshot>
			<screenshot>resources/img/screenshot003.png</screenshot>
			<screenshot>resources/img/screenshot004.png</screenshot>
		</assets>
		<news>- VERSÃO INICIAL</news>	
    </extension>
</addon>