<?xml version="1.0" encoding="UTF-8" standalone="yes"?>
<addon id="plugin.video.CineTorrentX" name="[COLOR red]...::[/COLOR][B][COLOR White] Cine Torrent X [/B][/COLOR][COLOR red]::...[/COLOR]" version="1.3" provider-name="Gleison lima">
  <requires>
    <import addon="xbmc.python" version="2.1.0"/>
    <import addon="script.module.urlresolver"/>
  </requires>
    <extension point="xbmc.python.pluginsource"
               library="default.py">
        <provides>video</provides>
    </extension>
    <extension point="xbmc.addon.metadata">
        <platform>all</platform>
        <summary></summary>
        <description>
= Desenvolvedor Gleison lima =

Streaming de Filmes e Series via Torrent
==== Aplicativo Android ====
 Popcorn Time 0.2.9 | Stremio One 1.2.2
 Amnis | Xtorrent | Xtorrent Pro
 links dos APKS para AndroidTV -> [COLOR red]tinyurl.com/y4ysvrbv[/COLOR]
 
Créditos ao Site http://www.megatorrentshd.com</description>
    </extension>
</addon>