<?xml version="1.0" encoding="UTF-8" standalone="yes"?>
<addon id="Marcio.repo.store" name="Marcio Addon Install" version="1.0.0" provider-name="Kodish-MC e Marcio Candido">
  <requires>
    <import addon="xbmc.python" version="2.1.0"/>
	
  </requires>
  <extension point="xbmc.python.pluginsource" library="default.py">
        <provides>video</provides>
  </extension>
  <extension point="xbmc.addon.metadata">
		<summary lang="en">Addons Do Marcio</summary>
		<description lang="en">Marcio Addon Install</description>
		<disclaimer lang="en">Addon que permite instalar Addons do Marcio Candido</disclaimer>
		<forum>none</forum>
		<source></source>
		<website></website>
		<platform>all</platform>
	</extension>
</addon>
