<?xml version="1.0" encoding="UTF-8" standalone="yes"?>
<addon id="repository.K911LatinoPR-Repo-1.2" name="K-911 Latino PR Repository" version="1.2" provider-name="K-911">
	<extension point="xbmc.addon.repository" name="K-911 Latino PR Repository">
		<info compressed="false">http://k911latinopr.com/Plugins/addons.xml</info>
		<checksum>http://k911latinopr.com/Plugins/addons.xml.md5</checksum>
		<datadir zip="true">http://k911latinopr.com/Plugins</datadir>
	</extension>
	<extension point="xbmc.addon.metadata">
		<summary>K-911 Repository</summary>
		<description>By Choco IPTV</description>
		<platform>all</platform>
	</extension>
</addon>
