﻿<?xml version="1.0" encoding="UTF-8" standalone="yes"?>
<addon id="PIRATES.repository" name="PIRATES repository" version="1.0.0" provider-name="CRISESPNL">
	<requires>
<import addon="xbmc.python" version="2.1.0"/>
<import addon="script.module.beautifulsoup"/>
<import addon="script.module.simple.downloader"/>
<import addon="script.module.t0mm0.common"/>
<import addon="script.module.beautifulsoup4"/>
<import addon="script.module.requests"/>
<import addon="script.module.httplib2"/>
<import addon="script.module.simple.downloader"/>
<import addon="script.module.urlresolver"/>
<import addon="script.module.simplejson"/>    
<import addon="script.module.livestreamer"/>
<import addon="script.module.pyamf"/>
<import addon="script.common.plugin.cache"/>
<import addon="script.module.metahandler"/>
<import addon="script.module.addon.common"/>
<import addon="script.module.addon.signals"/>
</requires>
	<extension point="xbmc.addon.repository" name="PIRATES Repository">
		<info compressed="false">https://raw.githubusercontent.com/addonnossosonho/PIRATES.repository/master/addons.xml</info>
		<checksum>https://raw.githubusercontent.com/addonnossosonho/PIRATES.repository/master/addons.xml.md5</checksum>
		<datadir zip="true">https://raw.githubusercontent.com/addonnossosonho/PIRATES.repository/master/repo/</datadir>
	</extension>
	<extension point="xbmc.addon.metadata">
		<summary>PIRATES Addon</summary>
		<description>Addon SEM FINS LUCRATIVOS</description>
		<disclaimer></disclaimer>
		<platform>all</platform>
	</extension>
</addon>
