<?xml version="1.0" encoding="UTF-8" standalone="yes"?>
<addon id="plugin.program.foliver" name="Foliver Builds" version="2.0.1" provider-name="Builds">
  <requires>
    <import addon="xbmc.python" version="2.1.0"/>
  </requires>
  <extension point="xbmc.python.pluginsource" library="default.py">
    <provides>executable</provides>
  </extension>
  <extension point="xbmc.service" library="startup.py" start="startup" />
  <extension point="xbmc.addon.metadata">
    <summary lang="en">Foliver Builds</summary>
    <description lang="en">Novas Builds da Foliver for Kodi.</description>
    <platform>all</platform>
  </extension>
</addon>