<?xml version="1.0" encoding="UTF-8" standalone="yes"?>
<addon id="plugin.video.micoleaodublado"
       name="[B][COLOR white]Mico-leão[/COLOR] [COLOR orange]Dublado[/COLOR][/B]"
       version="2.3.0"
       provider-name="[B][COLOR white]fb.com/micoleaodublado[/COLOR][/B]">

  <requires>
    <import addon="xbmc.python" version="2.1.0"/>
    <import addon="script.module.beautifulsoup" version="3.2.1"/>
    <import addon="script.module.simple.downloader" version="0.9.4"/>
    <import addon="script.module.beautifulsoup4" />
    <import addon="script.module.requests" />
    <import addon="script.module.httplib2" />
    <import addon="script.module.urlresolver"/>
    <import addon="script.module.simplejson" />
  </requires>
  <extension point="xbmc.python.pluginsource" library="default.py">
    <provides>video</provides>
  </extension>
  <extension point="xbmc.addon.metadata">
    <summary lang="en">[COLOR orange]| [/COLOR]FILMES E SERIES[COLOR orange] |[/COLOR][COLOR orange] [/COLOR]TORRENT E WEB[COLOR orange] |[/COLOR]</summary>
    <description lang="en">[B][COLOR orange] MICO-LEAO DUBLADO [/COLOR][/B][B][COLOR white] é apenas um AGREGADOR de links e, assim como o Google.com, apenas agrega e organiza os links externos. Não somos responsáveis pelos arquivos aqui encontrados.[/COLOR][/B]</description>
    <disclaimer lang="en">[B][COLOR orange]Para manter o addon atualizado recomendamos instalar o repositório Vikings: https://vkodi.net/repo[/COLOR][/B]</disclaimer>
	<news>
[B][COLOR orange]VERSÃO 2.3.0 - ATUALIZAÇÕES DE SEGURANÇA[/COLOR][/B]
</news>
    <platform>all</platform>
	<assets>
<icon>icon.png</icon>
<fanart>fanart.jpg</fanart>
<screenshot>resources/screenshots/home.png</screenshot>
<screenshot>resources/screenshots/movies.png</screenshot>
<screenshot>resources/screenshots/series.png</screenshot>
</assets>
  </extension>
</addon>
