<?xml version="1.0" encoding="UTF-8" standalone="yes"?>
<addon id="plugin.video.playlistLoader" name="Playlist Loader GX" version="3.1.0" provider-name="Avigdor e Mod KodishMC">
  <requires>
    <import addon="xbmc.python" version="2.1.0"/>
	
  </requires>
  <extension point="xbmc.python.pluginsource" library="default.py">
        <provides>video</provides>
  </extension>
  <extension point="xbmc.addon.metadata">
    <summary lang="en">Playlist Loader GX Mesmo Addon Agora Modificado para rodar direto Youtube,Vimeo,Torrent e Google Drive</summary>
    <description lang="en">Playlist Loader GX Mesmo Addon Agora Modificado para rodar direto Youtube,Vimeo,Torrent e Google Drive</description>
    <platform>all</platform>
  </extension>
</addon>
