<?xml version="1.0" encoding="UTF-8" standalone="yes"?>
<addon id="plugin.video.kidskodish" name="Kodish Kids" version="1.0.0" provider-name="Kodish-MC">
  <requires>
    <import addon="xbmc.python" version="2.1.0"/>
	<import addon="plugin.video.playlistLoader" />
  </requires>
  <extension point="xbmc.python.pluginsource" library="default.py">
        <provides>video</provides>
  </extension>
  <extension point="xbmc.addon.metadata">
    <summary lang="en">Addons para fans de Desenho Animados</summary>
    <description lang="en">Addons para fans de Desenho Animados</description>
    <platform>all</platform>
  </extension>
</addon>
