<?xml version="1.0" encoding="UTF-8" standalone="yes"?>
<addon id="plugin.executable.monitor" name="Kodish Config" version="1.0" provider-name="Kodish-MC">
  <requires>
    <import addon="xbmc.python" version="2.1.0"/>
    <import addon="script.module.addon.common" />
  </requires>
  <extension point="xbmc.python.pluginsource" library="default.py">
        <provides>executable</provides>
  </extension>
  <extension point="xbmc.addon.metadata">
		<summary lang="en">Ajuste o Monitor</summary>
		<description lang="en">Kodish Menu</description>
		<disclaimer lang="en">Menu para aplicativos e weblets da kodish</disclaimer>
		<forum>none</forum>
		<source></source>
		<website></website>
		<platform>all</platform>
	</extension>
	
</addon>
