<?xml version="1.0" encoding="UTF-8" standalone="yes"?>
<addon id="plugin.video.EvolutionTV"
       name="[COLOR gold][B]Evolution [/B][/COLOR][COLOR white][B] Media Center[/B][/COLOR][COLOR green][B] [/B][/COLOR]"
       version="3.1"
       provider-name="TecNerd">
  <requires>
    <import addon="xbmc.python" version="2.1.0"/>
	<import addon="script.module.t0mm0.common" version="2.0.0"/>
    <import addon="script.module.beautifulsoup" version="3.2.1"/>
    <import addon="script.module.simple.downloader" version="0.9.4"/>
    <import addon="script.module.beautifulsoup4" />
    <import addon="script.module.simple.downloader" version="0.9.4"/>
    <import addon="script.module.requests" />
    <import addon="script.module.httplib2" />
    <import addon="script.module.youtube.dl" optional="true"/>
    <import addon="plugin.video.youtube" version="3.0.0"/>
    <import addon="script.module.urlresolver" optional="true"/>
    <import addon="script.module.simplejson" /> 
    <import addon="script.common.plugin.cache" version="2.5.2"/>
    <import addon="script.module.metahandler" version="2.5.1"/>

  </requires>
  <extension point="xbmc.python.pluginsource" library="player.py">
    <provides>video</provides>
  </extension>
  <extension point="xbmc.addon.metadata">
    <summary>Canais F4mTester em HD e SD e Canais PxStream</summary>
    <description lang="pt">O Melhor Conteúdo você vê aqui!</description>
    <disclaimer lang="en">Todo Conteudo Publicado no Addon são frutos de pesquisa e toda responsabilidade são dos servidores que ali divulgam!.</disclaimer>
	<platform>all</platform>
  </extension>
</addon>
