<?xml version="1.0" encoding="UTF-8" standalone="yes"?>
<addon id="plugin.music.cocacolahits" name="Mini Cds da Coca-Cola" version="1.0.0" provider-name="kodishmc">
  <requires>
    <import addon="xbmc.python" version="2.1.0"/>
	
  </requires>
  <extension point="xbmc.python.pluginsource" library="default.py">
        <provides>video</provides>
  </extension>
  <extension point="xbmc.addon.metadata">
    <summary lang="en">Mini Cds Coca-Cola</summary>
    <description lang="en">Relembre os hits dos mini cds da coca-cola</description>
    <platform>all</platform>
  </extension>
</addon>
