<?xml version="1.0" encoding="UTF-8" standalone="yes"?>
<addon id="plugin.video.serieskodish" name="Kodish Series TV" version="1.0.0" provider-name="Kodish-MC">
  <requires>
    <import addon="xbmc.python" version="2.1.0"/>
  </requires>
  <extension point="xbmc.python.pluginsource" library="default.py">
        <provides>video</provides>
  </extension>
  <extension point="xbmc.addon.metadata">
    <summary lang="en">Addon Com Varias Series em HD</summary>
    <description lang="en">Series Online</description>
    <platform>all</platform>
  </extension>
</addon>
