<?xml version="1.0" encoding="UTF-8" standalone="yes"?>
<addon id="plugin.audio.reportercbn"
       name="Reporter CBN"
       version="1.0"
       provider-name="Kodish Team">
  <requires>
    <import addon="xbmc.python" version="2.1.0"/>
    <import addon="script.module.beautifulsoup" version="3.2.1"/>
    <import addon="script.module.beautifulsoup4" />
    <import addon="script.module.requests" />
    <import addon="script.module.httplib2" />
  </requires>
  <extension point="xbmc.python.pluginsource" library="default.py">
    <provides>audio</provides>
  </extension>
  <extension point="xbmc.addon.metadata">
    <summary lang="en">Reporter CBN</summary>
    <description></description>
    <platform>all</platform>
  </extension>
</addon>