<?xml version="1.0" encoding="UTF-8"?>
<addon id="plugin.program.kodishmenu" name="Kodish Menu" version="1.0.0" provider-name="kodish-MC">
    <requires>
        <import addon="xbmc.python" version="2.1.0"/>
        <import addon="script.module.pydevd" version="2.1.0" optional="true"/>
    </requires>
    <extension point="xbmc.python.pluginsource" library="default.py">
        <provides>executable</provides>
    </extension>
    <extension point="xbmc.addon.metadata">
        <platform>all</platform>
        <summary lang="en">Kodish Menu</summary>
        <language></language>
        <description lang="en">Esse e um menu que acessa programas do kodish</description>
        <license></license>
        <source></source>
        <forum></forum>
        <email></email>
        <website></website>
    </extension>
</addon>
