﻿<?xml version="1.0" encoding="UTF-8" standalone="yes"?>
<addon id="plugin.video.brasilfull" name="[B][COLOR firebrick]BRASIL[/COLOR][/B] [B][COLOR white]FULL[/COLOR][/B]" version="3.7" provider-name="TheusZ">
<requires>
    <import addon="xbmc.python" version="2.1.0"/>
    <import addon="script.module.t0mm0.common"/>
    <import addon="script.module.beautifulsoup"/>
    <import addon="script.module.beautifulsoup4"/>
    <import addon="script.module.simple.downloader"/>
    <import addon="script.module.requests"/>
    <import addon="script.module.httplib2"/>
    <import addon="script.module.urlresolver"/>
    <import addon="script.module.simplejson"/>
    <import addon="script.common.plugin.cache"/>
    <import addon="script.module.metahandler"/>
</requires>
  
<extension point="xbmc.python.pluginsource" library="core.py">
	<provides>video</provides>
</extension>

<extension point="xbmc.addon.metadata">
<description lang="en">[COLOR red]l[/COLOR] TV [COLOR red]l[/COLOR] FILMES [COLOR red]l[/COLOR] SERIES [COLOR red]l[/COLOR] DESENHOS [COLOR red]l[/COLOR]

[COLOR red]l[/COLOR] A equipe Brasil Full disponibiliza gratuitamente um imenso acervo ondemand totalmente dublado e com ótimas qualidades à todos os usuários Kodi.[COLOR red]l[/COLOR]

[COLOR red]l[/COLOR] Brasil Full - Saiu Dublado, Saiu Aqui![COLOR red]l[/COLOR]</description>
    <disclaimer lang="en">Todo o conteúdo aqui encontrado pode ser facilmente encontrado pela internet, nosso trabalho é apenas armazenar todo este conteúdo em um banco de dados próprio e disponibiliza-los de forma mais "confortável" aos interessados nesse tipo de conteúdo. Entretando, qualquer plágio das páginas aqui encontradas estarão sujeitas a represárias.</disclaimer>
        <news>[COLOR firebrick]l[/COLOR] Atualizacao v3.7 [COLOR firebrick]l[/COLOR]

[COLOR firebrick]l[/COLOR] Integração direta com IMDb [COLOR firebrick]l[/COLOR]
[COLOR firebrick]l[/COLOR] Integração com o Gdrive [COLOR firebrick]l[/COLOR]
[COLOR firebrick]l[/COLOR] Todas as informações dos conteúdo disponíveis [COLOR firebrick]l[/COLOR]
[COLOR firebrick]l[/COLOR] Conteúdos em 4K [COLOR firebrick]l[/COLOR]
[COLOR firebrick]l[/COLOR] Correção de bugs [COLOR firebrick]l[/COLOR]

[B][COLOR firebrick]BRASIL[/COLOR] [COLOR white]FULL[/COLOR][/B]
www.brasilfull.gq</news>
    <platform>all</platform>
    <assets>
    <icon>icon.png</icon>
    <fanart>fanart.jpg</fanart>
    <screenshot>resources/screenshots/01.png</screenshot>
    <screenshot>resources/screenshots/02.png</screenshot>
    <screenshot>resources/screenshots/03.png</screenshot>
    </assets>
</extension>
 
</addon>