﻿<?xml version="1.0" encoding="UTF-8" standalone="yes"?>
<addon id="plugin.video.ls" name="Lindsey Stirling" version="1.0.0" provider-name="Kodish-MC">
  <requires>
    <import addon="xbmc.python" version="2.1.0"/>
    <import addon="script.module.addon.common" version="2.0.0"/>
    <import addon="plugin.video.youtube" version="5.0.0"/>
  </requires>
	
  <extension point="xbmc.python.pluginsource" library="default.py">
    <provides>video</provides>
  </extension>
	
  <extension point="xbmc.addon.metadata">
    <summary lang="en">Lindsey Stirling</summary>
    <description lang="pt">Addon fans da Violinista Lindsey Stirling.</description>
	<description lang="en">addon fans violinist Lindsey Stirling.</description>
    <platform>all</platform>
    <forum></forum>
    <website></website>
  </extension>
</addon>
