<addon id="plugin.video.classicrockcolection" name="Classic Rock Colection" version="1.0.0" provider-name="Kodish MC">
<requires>
<import addon="xbmc.python" version="2.1.0"/>
<import addon="script.module.addon.common" version="2.0.0"/>
<import addon="plugin.video.youtube" version="5.0.0"/>
</requires>
<extension point="xbmc.python.pluginsource" library="default.py">
<provides>video</provides>
</extension>
<extension point="xbmc.addon.metadata">
<summary lang="en">Classic Rock Colection</summary>
<description lang="en">Este addon fans Rock Classico</description>
<platform>all</platform>
<forum/>
<website/>
</extension>
</addon>
