<?xml version="1.0" encoding="UTF-8" standalone="yes"?>
<addon id="plugin.video.FLIXPemium" name="-[B][COLOR lime]FLIX[/COLOR] [COLOR yellow]Premium[/COLOR][/B]-" version="10.0.1" provider-name="Team TWTUTORIAIS">
  <extension point="xbmc.python.pluginsource" library="default.py">
        <provides>video</provides>
  </extension>
  <extension point="xbmc.addon.repository" name="Repositorio TWTutoriais">
		<info compressed="false">https://raw.githubusercontent.com/BUILDTONYWARLLEY/REPOTWTUTORIAIS/master/addons.xml</info>
		<checksum>https://raw.githubusercontent.com/BUILDTONYWARLLEY/REPOTWTUTORIAIS/master/addons.xml.md5</checksum>
		<datadir zip="true">https://raw.githubusercontent.com/BUILDTONYWARLLEY/REPOTWTUTORIAIS/master/Plugins/</datadir>
	</extension>
  <extension point="xbmc.addon.metadata">
	  <news>
[COLOR white]Add-on INSTALADO VIA REPO MEGAREPO TWTUTORIAIS, não baixe Add-ons que não sejam Oficial, Add-ons Oficiais somente na MEGAREPO.[/COLOR]


[COLOR lime]E o Palmeiras não tem Mundial[/COLOR]
        </news>
		<summary>FLIXPREMIUM TWTUTORIAIS - [COLOR lime][B]Addon EXCLUSIVO MEGAREPO TWTUTORIAIS[/B][/COLOR]</summary>
		<description>
        [COLOR white][B]Todos os links disponibilizados nesse Addon estão disponíveis 
em livre procura pela internet.[/B][/COLOR] - [COLOR lime][B]Addon EXCLUSIVO MEGAREPO TWTUTORIAIS[/B][/COLOR]
[COLOR yellow][B]ACESSE e INSCREVA-SE no Meu CANAL do YOUTUBE:[/B][/COLOR] 
http://www.youtube.com/tonywarlley2009

[COLOR yellow]Que DÓ das formiguinhas...kkk
Nunca Serão, Jamais Serão![/COLOR]
             
    </description>	
		<disclaimer lang="en"></disclaimer>
    <platform>all</platform>
	<news></news>
  </extension>
</addon>