<?xml version="1.0" encoding="UTF-8" standalone="yes"?>
<addon id="plugin.video.All.Kinds.of.Music" name="[COLOR lime][B]All Kinds of Music[/B][/COLOR]" version="KDS2.0" provider-name="[COLOR green]MICLIER mod by KodishTeam[/COLOR]">
  <requires>
    <import addon="xbmc.python2" version="3.0.0"/>
    <import addon="plugin.video.youtube" version="5.0.0"/>
  </requires>
 <extension point="xbmc.python.pluginsource" library="default.py">
    <provides>video</provides>
 </extension>
 <extension point="xbmc.addon.metadata">
    <summary lang="en">[COLOR lime][B]All Kinds of Music[/B][/COLOR]</summary>
    <description lang="en">Dieses Addon wurde gemacht for [COLOR green]Jederman!!![/COLOR]     Besuche uns im Forum unter: [B][COLOR white][/COLOR][/B].     Viel spass.</description>
    <platform>all</platform>
    <forum></forum>
    <website></website>
    <assets>
    <icon>icon.png</icon>
	<fanart>fanart.jpg</fanart>
    </assets>
 </extension>
</addon>
