<?xml version="1.0" encoding="UTF-8" standalone="yes"?>
<addon id="plugin.video.DefenestrandoJogos" name="[COLOR orange][B]Defenestrando[/B][/COLOR] [COLOR blue][B]Jogos[/B][/COLOR]" version="1.0.0" provider-name="Kodish Mc">
  <requires>
    <import addon="xbmc.python" version="2.1.0"/>
    <import addon="script.module.addon.common" version="2.0.0"/>
    <import addon="plugin.video.youtube" version="5.0.0"/>
  </requires>
	
  <extension point="xbmc.python.pluginsource" library="default.py">
    <provides>video</provides>
  </extension>
	
  <extension point="xbmc.addon.metadata">
    <summary lang="en">[COLOR orange][B]Defenestrando[/B][/COLOR] [COLOR blue][B]Jogos[/B][/COLOR]</summary>
    <description lang="en">Defenestrando Jogos</description>
    <platform>all</platform>
    <forum></forum>
    <website></website>
  </extension>
</addon>
