<?xml version="1.0" encoding="UTF-8" standalone="yes"?>
<addon id="plugin.video.somlivre" name="Som Livre" version="1.0" provider-name="Kodish Team">
    <requires>
        <import addon="xbmc.python" version="2.1.0"/>
    </requires>
    <extension point="xbmc.python.pluginsource" library="default.py">
        <provides>audio</provides>
    </extension>
    <extension point="xbmc.addon.metadata">
        <platform>all</platform>
        <summary>Som Livre</summary>
        <description>Playlist da Som Livre com grandes sucessos da gravadora som livre</description>
        <assets>
            <icon>icon.png</icon>
            <fanart>fanart.jpg</fanart>
        </assets>
    </extension>
</addon>
