<?xml version="1.0" encoding="UTF-8" standalone="yes"?>
<addon id="plugin.video.CineTorrent" name="[COLOR red]...::[/COLOR][B][COLOR White] Cine Torrent [/B][/COLOR][COLOR red]::...[/COLOR]" version="1.0" provider-name="Gleison lima">
  <requires>
    <import addon="xbmc.python" version="2.1.0"/>
    <import addon="script.module.urlresolver"/>
  </requires>
    <extension point="xbmc.python.pluginsource"
               library="default.py">
        <provides>video</provides>
    </extension>
    <extension point="xbmc.addon.metadata">
        <platform>all</platform>
        <summary></summary>
        <description>Streaming de Filmes e Series via Torrent
		links dos APKS para AndroidTV -> [COLOR red]tinyurl.com/y4ysvrbv[/COLOR]</description>
    </extension>
</addon>