<?xml version="1.0" encoding="UTF-8" standalone="yes"?>
<addon id="plugin.executable.antblocker"
       name="Kodish Locker"
       version="1.0"
       provider-name="Kodish Team">
  <requires>
    <import addon="xbmc.python" version="2.1.0"/>
    <import addon="script.module.beautifulsoup" version="3.2.1"/>
    <import addon="script.module.beautifulsoup4" />
    <import addon="script.module.requests" />
    <import addon="script.module.httplib2" />
  </requires>
  <extension point="xbmc.python.pluginsource" library="default.py">
    <provides>executable</provides>
  </extension>
  <extension point="xbmc.addon.metadata">
    <summary lang="en">Locker da Kodish para uso Kodish Store e outros addons</summary>
    <description></description>
    <platform>all</platform>
  </extension>
</addon>