<?xml version="1.0" encoding="UTF-8" standalone="yes"?>
<addon id="plugin.video.Mr-Wil-Stream" name="Mr-Wil-Stream" version="0.0.2" provider-name="Marcio Candido.  Mr. Wil Info ">
  <requires>
    <import addon="xbmc.python" version="2.1.0"/>
    <import addon="script.module.beautifulsoup" version="3.2.1"/>
    <import addon="script.module.simple.downloader" version="0.9.4"/>
    <import addon="script.module.beautifulsoup4" />
    <import addon="script.module.requests" />
    <import addon="script.module.httplib2" />
    <import addon="script.module.youtube.dl" optional="true"/>
    <import addon="plugin.video.youtube" optional="true" />
    <import addon="script.module.urlresolver" optional="true"/>
    <import addon="script.module.simplejson" />    
     <import addon="script.module.livestreamer" optional="true"/>
     <import addon="script.module.pyamf" optional="true"/>
  </requires>
  <extension point="xbmc.python.pluginsource" library="default.py">
    <provides>video</provides>
  </extension>
  <extension point="xbmc.addon.metadata">
        <platform>all</platform>
        <summary>Add-on de Listas:  Mr. Wil Info </summary>
        <description>Add-on De listas  iptv Criado Com add-on LiveCreator By Marcos Alvarenga</description>
  </extension>
</addon>