<?xml version="1.0" encoding="UTF-8" standalone="yes"?>
<addon id="Kodish.repo.store" name="Kodish Store Kripton" version="2.1.0" provider-name="Kodish-MC">
  <requires>
    <import addon="xbmc.python" version="2.1.0"/>
	<import addon="script.module.beautifulsoup" version="3.2.1"/>
    <import addon="script.module.simple.downloader" version="0.9.4"/>
    <import addon="script.module.beautifulsoup4" />
    <import addon="script.module.requests" />
    <import addon="script.module.httplib2" />
    <import addon="script.module.youtube.dl" optional="true"/>
    <import addon="plugin.video.youtube"/>
    <import addon="script.module.urlresolver" />
    <import addon="script.module.simplejson" />    
     <import addon="script.module.livestreamer" optional="true"/>
     <import addon="script.module.pyamf" optional="true"/>
	
  </requires>
  <extension point="xbmc.python.pluginsource" library="default.py">
        <provides>video</provides>
  </extension>
  <extension point="xbmc.addon.metadata">
		<summary lang="en">Kodish Store Kripton</summary>
		<description lang="en">Kodish Addon Install</description>
		<disclaimer lang="en">Addon que permite instalar Addons Kodish-MC e Parceiros</disclaimer>
		<forum>none</forum>
		<source></source>
		<website></website>
		<platform>all</platform>
	</extension>
</addon>
