<?xml version="1.0" encoding="UTF-8" standalone="yes"?>
<addon id="plugin.video.pikachu"
       name="[B][COLOR yellow][I]PIKACHU [COLOR orangered] ENTRETENIMENTOS!!![/I][/B][/COLOR]"
       version="4.2"
       provider-name="[COLOR yellow][B][I] PIKACHU [COLOR lime] ENTRETENIMENTOS!!![/I][/B][/COLOR]">
  <requires>
    <import addon="xbmc.python" version="2.1.0"/>
    <import addon="script.module.beautifulsoup" version="3.2.1"/>
    <import addon="script.module.simple.downloader" version="0.9.4"/>
    <import addon="script.module.beautifulsoup4" />
    <import addon="script.module.requests" />
    <import addon="script.module.httplib2" />
    <import addon="script.module.liveresolver" version="0.1.24" optional="true"/>
    <import addon="script.module.youtube.dl" optional="true"/>
    <import addon="plugin.video.youtube" optional="true" />
	<import addon="plugin.video.SportsDevil" optional="true" />
    <import addon="script.module.urlresolver" optional="true"/>
    <import addon="script.module.simplejson" />    
     <import addon="script.module.livestreamer" optional="true"/>
     <import addon="script.module.pyamf" optional="true"/>
  </requires>
  <extension point="xbmc.python.pluginsource" library="default.py">
    <provides>video</provides>
  </extension>
  
  <extension point="xbmc.addon.repository" name="Pikachu Entretenimentos REPO">
	<info compressed="false">https://raw.githubusercontent.com/pikachu/repository.pikachu/master/addons.xml</info>
	<checksum>https://raw.githubusercontent.com/pikachu/repository.pikachu/master/addons.xml.md5</checksum>
    <datadir zip="true">https://raw.githubusercontent.com/pikachu/repository.pikachu/master/addons</datadir>
</extension>
  
  	
  <extension point="xbmc.addon.metadata">
    <summary>[COLOR yellow] PIKACHU [COLOR lime] ENTRETENIMENTOS!!![/COLOR]</summary>
    <description>Atenção:[COLOR yellow] Os conteúdos disponibilizados neste ADDON, são conteúdos retransmitidos de internet e outras plataformas digitais;[/COLOR] [COLOR blue]Grupo Telegram:[/COLOR][COLOR white][tinyurl.com/grupopikachu ][/COLOR][COLOR yellow] | [COLOR blue]Channel Telegram:[/COLOR][COLOR white][t.me/addonpikachu][/COLOR][COLOR lime] Visite-nos No Telegram!!![/COLOR]</description>
	<disclaimer lang="en">Atenção:[COLOR yellow] Os conteúdos disponibilizados neste ADDON, são conteúdos retransmitidos de internet e outras plataformas digitais;[/COLOR] [COLOR blue]Grupo Telegram:[/COLOR][COLOR white][tinyurl.com/grupopikachu ][/COLOR][COLOR yellow] |[/COLOR] [COLOR blue]Channel Telegram:[/COLOR][COLOR white][t.me/addonpikachu][/COLOR][COLOR lime] Visite-nos No Telegram!!![/COLOR]</disclaimer>
    <platform>all</platform>
	<assets>
	<icon>icon.jpg</icon>
    <fanart>fanart.jpg</fanart>
    <screenshot>02.png</screenshot>
    <screenshot>03.png</screenshot>
	<screenshot>04.png</screenshot>
    <screenshot>05.png</screenshot>
    <screenshot>06.png</screenshot>
	<screenshot>07.png</screenshot>
	</assets>
  </extension>
             
</addon>
