<?xml version="1.0" encoding="UTF-8" standalone="yes"?>
<addon id="plugin.video.tvfogohd" name="[B][COLOR white]Tv Fogo HD[/COLOR][/B]" version="4.0" provider-name="[B][COLOR white]Equipe: TV Fogo[/COLOR][/B]">
<requires>
<import addon="xbmc.python" version="2.1.0"/>
<import addon="script.module.t0mm0.common"/>
<import addon="script.module.beautifulsoup"/>
<import addon="script.module.beautifulsoup4"/>
<import addon="script.module.simple.downloader"/>
<import addon="script.module.requests"/>
<import addon="script.module.httplib2"/>
<import addon="script.module.urlresolver"/>
<import addon="script.module.simplejson"/>
<import addon="script.common.plugin.cache"/>
<import addon="script.module.metahandler"/>
</requires>
<extension point="xbmc.python.pluginsource" library="default.py">
<provides>video</provides>
</extension>
<extension point="xbmc.addon.metadata">
<summary>[B][COLOR white]OBRIGADO POR USAR NOSSO ADD-ON[/COLOR][/B]</summary>
<description>[B][COLOR white]Tv Fogo HD é apenas um AGREGADOR de links e, assim como o Google.com, apenas agrega e organiza os links externos. Não somos responsáveis pelos arquivos aqui encontrados.[/COLOR][/B]</description>
<disclaimer>[B][COLOR white]TV, FILMES, SERIES, NOVELAS, TOKUSATSU, DESENHOS, ANIMES[COLOR gold]S2[/COLOR][/COLOR][/B]</disclaimer>
<news>[B][COLOR chocolate]v4.0 - CORREÇÕES DE SEGURANÇA, OBRIGADO POR USAR NOSSO ADD-ON[/COLOR][/B]</news>
<platform>all</platform>
<assets>
<icon>icon.png</icon>
<fanart>fanart.jpg</fanart>
<screenshot>resources/screenshots/home.png</screenshot>
<screenshot>resources/screenshots/movies.png</screenshot>
<screenshot>resources/screenshots/series.png</screenshot>
</assets>
</extension>
</addon>