<?xml version="1.0" encoding="UTF-8" standalone="yes"?>
<addon id="plugin.video.kractosbr"
       name="[COLOR green][B]Kratos[/B][/COLOR][COLOR yellow][B]Kodi Br[/B][/COLOR]"
       version="3.9.8"
       provider-name="Kodish MC,Mika,Le Rodrigues">
  <requires>
    <import addon="xbmc.python" version="2.1.0"/>
	<import addon="script.module.t0mm0.common" version="2.0.0"/>
    <import addon="script.module.beautifulsoup" version="3.2.1"/>
    <import addon="script.module.simple.downloader" version="0.9.4"/>
    <import addon="script.module.beautifulsoup4"/>
    <import addon="script.module.simple.downloader" version="0.9.4"/>
    <import addon="script.module.requests" />
    <import addon="script.module.httplib2" />
    <import addon="script.module.youtube.dl" optional="true"/>
    <import addon="plugin.video.youtube" version="3.0.0"/>
    <import addon="script.module.simplejson" /> 
    <import addon="script.common.plugin.cache" version="2.5.2"/>
    <import addon="script.module.metahandler" version="2.5.1"/>
			
  </requires>
  <extension point="xbmc.python.pluginsource" library="default.py">
    <provides>video</provides>
  </extension>
  <extension point="xbmc.addon.metadata">
    <summary lang="en">Kratos Kodi Br</summary>
    <description lang="en">Kratos Kodi Br</description>
    <platform>all</platform>
  </extension>
 
 <extension point="xbmc.addon.repository" name="Kratos repository">
		<info compressed="false">http://kodish.esy.es/kratos-repodata/addons.xml</info>
		<checksum>http://kodish.esy.es/kratos-repodata/addons.xml.md5</checksum>
		<datadir zip="true">http://kodish.esy.es/kratos-repodata/instal/</datadir>
	</extension>
	<extension point="xbmc.addon.metadata">
		<summary>Kratos repository</summary>
		<description>Filmes torrent HD</description>
		<disclaimer></disclaimer>
		<platform>all</platform>
	</extension>
</addon>
