
 <channels>
 <channel>
 <name>25 das 500 mais da Kiss 2017/2018</name>
 <thumbnail>https://scontent.cdninstagram.com/t51.2885-15/e35/p320x320/25021787_320760831775948_4569746302732075008_n.jpg</thumbnail>
 <externallink>https://pastebin.com/raw/uerVKamx</externallink>
 <fanart>http://www.seriados.tv.br/wp-content/uploads/2012/08/fdp_23082012_.jpg</fanart>
 <info></info>
 </channel>
 </channels>

 <channels>
 <channel>
 <name>Billboard Awards</name>
 <thumbnail>https://pmcvariety.files.wordpress.com/2016/05/2016-billboard-music-awards-winners-list.jpg?w=1000&h=563&crop=1</thumbnail>
 <externallink>https://pastebin.com/raw/fzeP0zBF</externallink>
 <fanart>http://www.seriados.tv.br/wp-content/uploads/2012/08/fdp_23082012_.jpg</fanart>
 <info></info>
 </channel>
 </channels>

 <channels>
 <channel>
 <name>Filmes para Familia</name>
 <thumbnail>https://kodi-addons.club/data/9f/9fe0ecce9b4193b7357b3bbd8e7808df.png</thumbnail>
 <externallink>https://pastebin.com/raw/JKfUzNW0</externallink>
 <fanart>http://www.seriados.tv.br/wp-content/uploads/2012/08/fdp_23082012_.jpg</fanart>
 <info></info>
 </channel>
 </channels>

 
 <channels>
 <channel>
 <name>Radios Gringas</name>
 <thumbnail></thumbnail>
 <externallink>https://raw.githubusercontent.com/fluxustv/IPTV/master/radio.m3u</externallink>
 <fanart>http://www.seriados.tv.br/wp-content/uploads/2012/08/fdp_23082012_.jpg</fanart>
 <info></info>
 </channel>
 </channels>

 <channels>
 <channel>
 <name>Lista IPTV </name>
 <thumbnail></thumbnail>
 <externallink>https://raw.githubusercontent.com/fluxustv/IPTV/master/list.m3u</externallink>
 <fanart>http://www.seriados.tv.br/wp-content/uploads/2012/08/fdp_23082012_.jpg</fanart>
 <info></info>
 </channel>
 </channels>

 
 <channels>
 <channel>
 <name>Fluxus Playlists </name>
 <thumbnail>https://2.bp.blogspot.com/-rfY-I4FzS5U/WfuPPYljHxI/AAAAAAAABSk/SbhP_uIG_IEwZdlM482IdvjgZ5FuL9FYACK4BGAYYCw/s1600/FluxusSkinny2.png</thumbnail>
 <externallink>https://pastebin.com/raw/niyDF7bw</externallink>
 <fanart>http://www.seriados.tv.br/wp-content/uploads/2012/08/fdp_23082012_.jpg</fanart>
 <info></info>
 </channel>
 </channels>


 <channels>
 <channel>
 <name>Lista Iptv GEH</name>
 <thumbnail></thumbnail>
 <externallink>https://pastebin.com/raw/XpupsSuy</externallink>
 <fanart>http://www.seriados.tv.br/wp-content/uploads/2012/08/fdp_23082012_.jpg</fanart>
 <info></info>
 </channel>
 </channels>

 <channels>
 <channel>
 <name>Lista Filmes Cisco</name>
 <thumbnail></thumbnail>
 <externallink>https://bitbucket.org/ciscowalker/filmes-cisco-iptv/raw/6a215e9ae760cb7770c5d23726d82a18bc4def60/Filmes</externallink>
 <fanart>http://www.seriados.tv.br/wp-content/uploads/2012/08/fdp_23082012_.jpg</fanart>
 <info></info>
 </channel>
 </channels>

 <channels>
 <channel>
 <name>Lista Formiga Oficial</name>
 <thumbnail></thumbnail>
 <externallink>http://bit.ly/FormigaTVOficial</externallink>
 <fanart>http://www.seriados.tv.br/wp-content/uploads/2012/08/fdp_23082012_.jpg</fanart>
 <info></info>
 </channel>
 </channels>


 <channels>
 <channel>
 <name>Addon Playapp (Boca do Sapo)</name>
 <thumbnail></thumbnail>
 <externallink>http://playapptv.hol.es/basiane/menufilmes.txt</externallink>
 <fanart>http://www.seriados.tv.br/wp-content/uploads/2012/08/fdp_23082012_.jpg</fanart>
 <info></info>
 </channel>
 </channels>

 <channels>
 <channel>
 <name>Camilo Filmes</name>
 <thumbnail></thumbnail>
 <externallink>http://bit.ly/CamilloCO</externallink>
 <fanart>http://www.seriados.tv.br/wp-content/uploads/2012/08/fdp_23082012_.jpg</fanart>
 <info></info>
 </channel>
 </channels>

 <channels>
 <channel>
 <name>Lista de Filmes Rogerio Monteiro</name>
 <thumbnail></thumbnail>
 <externallink>https://pastebin.com/raw/HNjFCPAv</externallink>
 <fanart>http://www.seriados.tv.br/wp-content/uploads/2012/08/fdp_23082012_.jpg</fanart>
 <info></info>
 </channel>
 </channels>

 
 

 <channels>
 <channel>
 <name>Lista de Desenhos da Marvel</name>
 <thumbnail>https://pbs.twimg.com/profile_images/573984336271122432/k8vEBoCW_400x400.jpeg</thumbnail>
 <externallink>https://pastebin.com/raw/qfAHyHGi</externallink>
 <fanart>http://www.seriados.tv.br/wp-content/uploads/2012/08/fdp_23082012_.jpg</fanart>
 <info></info>
 </channel>
 </channels>


 <channels>
 <channel>
 <name>Lista Teste</name>
 <thumbnail></thumbnail>
 <externallink>https://pastebin.com/raw/QdHX0Zr2</externallink>
 <fanart>http://www.seriados.tv.br/wp-content/uploads/2012/08/fdp_23082012_.jpg</fanart>
 <info></info>
 </channel>
 </channels>

 <channels>
 <channel>
 <name>Lista de Novelas</name>
 <thumbnail></thumbnail>
 <externallink>https://pastebin.com/raw/Ddyp2LCc</externallink>
 <fanart>http://www.seriados.tv.br/wp-content/uploads/2012/08/fdp_23082012_.jpg</fanart>
 <info></info>
 </channel>
 </channels>

 <channels>
 <channel>
 <name>Noticias </name>
 <thumbnail></thumbnail>
 <externallink>http://globoesporte.globo.com/servico/semantica/editorias/plantao/feed.rss</externallink>
 <fanart>http://www.seriados.tv.br/wp-content/uploads/2012/08/fdp_23082012_.jpg</fanart>
 <info></info>
 </channel>
 </channels>

 <channels>
 <channel>
 <name>Lista Marvel Atualizada </name>
 <thumbnail>https://pbs.twimg.com/profile_images/573984336271122432/k8vEBoCW_400x400.jpeg</thumbnail>
 <externallink>https://pastebin.com/raw/qfAHyHGi</externallink>
 <fanart>http://www.seriados.tv.br/wp-content/uploads/2012/08/fdp_23082012_.jpg</fanart>
 <info></info>
 </channel>
 </channels>

 <channels>
 <channel>
 <name>Lista Mega Teste</name>
 <thumbnail></thumbnail>
 <externallink>https://pastebin.com/raw/QBvLY8up</externallink>
 <fanart>http://www.seriados.tv.br/wp-content/uploads/2012/08/fdp_23082012_.jpg</fanart>
 <info></info>
 </channel>
 </channels>

 <channels>
 <channel>
 <name>Lista Guia do Luiz</name>
 <thumbnail></thumbnail>
 <externallink>http://bit.ly/GuiadoLuiz</externallink>
 <fanart>http://www.seriados.tv.br/wp-content/uploads/2012/08/fdp_23082012_.jpg</fanart>
 <info></info>
 </channel>
 </channels>

 <channels>
 <channel>
 <name>Lista Geh </name>
 <thumbnail></thumbnail>
 <externallink>http://listaiptvbrasil.com/br.m3u</externallink>
 <fanart>http://www.seriados.tv.br/wp-content/uploads/2012/08/fdp_23082012_.jpg</fanart>
 <info></info>
 </channel>
 </channels>


 <channels>
 <channel>
 <name>Lista Avatar</name>
 <thumbnail></thumbnail>
 <externallink>https://pastebin.com/raw/14YFr1i4</externallink>
 <fanart>http://www.seriados.tv.br/wp-content/uploads/2012/08/fdp_23082012_.jpg</fanart>
 <info></info>
 </channel>
 </channels>
