<?xml version="1.0" encoding="UTF-8" standalone="yes"?>
<addon id="plugin.video.jrcontent" name="Jr Conteudos" version="KDS2.0" provider-name="Jr Conteudos e Kodish Team">
  <requires>
    <import addon="xbmc.python" version="2.1.0"/>
  </requires>
  <extension point="xbmc.python.pluginsource" library="default.py">
        <provides>video</provides>
  </extension>
  <extension point="xbmc.addon.metadata">
    <summary lang="en"></summary>
    <description lang="en">jr conteudos é um addon compilado das listas Jr Eletronicos cujo creditos vão Jonuy Rocha e Tecnico Celinho</description>
    <platform>all</platform>
	<news>
	</news>
  </extension>
</addon>
