<?xml version="1.0" encoding="UTF-8" standalone="yes"?>
<addon id="plugin.video.KFMC"
       name="[COLOR white][B]KF MediaCenter[/B][/COLOR]"
       version="1.0"
       provider-name="Web-Click e HigorIPTV">
  <requires>
    <import addon="xbmc.python" version="2.1.0"/>
	<import addon="script.module.t0mm0.common" version="2.0.0"/>
    <import addon="script.module.beautifulsoup" version="3.2.1"/>
    <import addon="script.module.simple.downloader" version="0.9.4"/>
    <import addon="script.module.beautifulsoup4" />
    <import addon="script.module.simple.downloader" version="0.9.4"/>
    <import addon="script.module.requests" />
    <import addon="script.module.httplib2" />
    <import addon="script.module.youtube.dl" optional="true"/>
    <import addon="plugin.video.youtube" version="3.0.0"/>
    <import addon="script.module.urlresolver" optional="true"/>
    <import addon="script.module.simplejson" /> 
    <import addon="script.common.plugin.cache" version="2.5.2"/>
    <import addon="script.module.metahandler" version="2.5.1"/>

  </requires>
  <extension point="xbmc.python.pluginsource" library="default.py">
    <provides>video</provides>
  </extension>
  <extension point="xbmc.addon.metadata">
    <summary>Sistema Criado por HighorIPTV -- Baixe MediaPlayTv 4.0 e asssista diversos canais de servidor 100% estavel</summary>
    <description lang="pt">KF MediaCenter addon para divertir toda a familia venha se contagiar com o melhor conteudo de filmes e series em HD</description>
    <disclaimer lang="en">Todo Conteudo Publicado no Addon sao frutos de pesquisa e toda responsabilidade sao dos servidores que ali expunham!.</disclaimer>
	<platform>all</platform>
  </extension>
</addon>
