<?xml version="1.0" encoding="UTF-8" standalone="yes"?>
<addon id="plugin.video.projetoparabolica" name="Projeto Parabolica" version="1.0.0" provider-name="Felps Tutors,Kodish MC">
  <requires>
    <import addon="xbmc.python" version="2.1.0"/>
	
  </requires>
  <extension point="xbmc.python.pluginsource" library="default.py">
        <provides>video</provides>
  </extension>
  <extension point="xbmc.addon.metadata">
    <summary lang="en">Addon nao oficial Projeto Parabolica</summary>
    <description lang="en">Projeto Parabolica</description>
    <platform>all</platform>
  </extension>
</addon>
