<?xml version="1.0" encoding="UTF-8" standalone="yes"?>
<addon id="plugin.video.guinnessrecord"
       name="[COLOR blue][B]Guinness[/B][/COLOR][COLOR silver][B]world[/B][/COLOR][COLOR blue][B]Record[/B][/COLOR]"
       version="0.0.1"
       provider-name="Marcio Candido">
  <requires>
    <import addon="xbmc.python" version="2.1.0"/>
    <import addon="script.module.beautifulsoup" version="3.2.1"/>
    <import addon="script.module.simple.downloader" version="0.9.4"/>
    <import addon="script.module.beautifulsoup4" />
    <import addon="script.module.requests" />
    <import addon="script.module.httplib2" />
    <import addon="script.module.liveresolver" version="0.1.24" optional="true"/>
    <import addon="script.module.youtube.dl" optional="true"/>
    <import addon="plugin.video.youtube" optional="true" />
    <import addon="script.module.urlresolver" optional="true"/>
    <import addon="script.module.simplejson" />    
     <import addon="script.module.livestreamer" optional="true"/>
     <import addon="script.module.pyamf" optional="true"/>
  </requires>
  <extension point="xbmc.python.pluginsource" library="default.py">
    <provides>video</provides>
  </extension>
  <extension point="xbmc.addon.metadata">
    <summary>guinness world record</summary>
    <description>Welcome to the official Guinness World Records YouTube channel!   If you're looking for videos featuring the world's tallest, shortest, fastest, longest, oldest and most incredible things on the planet, you're in the right place! Guinness World Records is the universally recognized authority on record-breaking achievement and the annual Guinness World Records book is the best-selling copyrighted title of all time.  Some of the records you won't believe until you have seen them - luckily for you we have documented them all. So catch up with us and make sure you click the subscribe button to not miss anything.  Guinness World Records - Officially Amazing</description>
    <platform>all</platform>
  </extension>
</addon>
