<?xml version="1.0" encoding="UTF-8" standalone="yes"?>
<addon id="Kodish.repo.store" name="Kodish Store Starmish Mx" version="9.6" provider-name="Kodish-MC">
  <requires>
    <import addon="xbmc.python" version="2.1.0"/>
    <import addon="script.module.beautifulsoup" version="3.2.1"/>
    <import addon="script.module.simple.downloader" version="0.9.4"/>
    <import addon="script.module.t0mm0.common" version="2.0.0"/>
    <import addon="script.module.beautifulsoup4" />
    <import addon="script.module.requests" />
    <import addon="script.module.httplib2" />
    <import addon="script.module.simple.downloader" version="0.9.4"/>
    <import addon="plugin.video.youtube" version="5.2.1" />
    <import addon="script.module.urlresolver" />
    <import addon="script.module.simplejson" />    
    <import addon="script.module.livestreamer"/>
    <import addon="script.module.pyamf"/>
    <import addon="script.common.plugin.cache" version="2.5.2"/>
    <import addon="script.module.metahandler" version="2.5.1"/>
	<import addon="script.module.addon.common" />
	<import addon="script.module.addon.signals" version="0.0.1"/>
	<import addon="script.module.youtube.dl"/>

	
	
	
  </requires>
  <extension point="xbmc.python.pluginsource" library="default.py">
        <provides>video</provides>
  </extension>
  <extension point="xbmc.addon.metadata">
		<summary lang="en">Kodish Store Starmish Mx</summary>
		<description lang="en">Kodish Addon Install</description>
		<disclaimer lang="en">Addon que permite instalar Addons Kodish-MC e Parceiros</disclaimer>
		<forum>none</forum>
		<source></source>
		<website></website>
		<platform>all</platform>
	</extension>
	
 <extension point="xbmc.addon.repository" name="Kodish Store repository">
		<info compressed="false">http://kodish.esy.es/kodish-repo/addons.xml</info>
		<checksum>http://kodish.esy.es/kodish-repo/addons.xml.md5</checksum>
		<datadir zip="true">http://kodish.esy.es/kodish-repo/instal/</datadir>
	</extension>
	<extension point="xbmc.addon.metadata">
		<summary>Kodish Mc</summary>
		<description>Filmes torrent HD</description>
		<disclaimer></disclaimer>
		<platform>all</platform>
	</extension>
</addon>
