<?xml version="1.0" encoding="UTF-8" standalone="yes"?>
<addon id="plugin.video.elementum" name="-= [B]Elementum Drive[/B] =-" version="1.0" provider-name="Kodish Team">
    <requires>
        <import addon="xbmc.python" version="2.1.0"/>
    </requires>
    <extension point="xbmc.python.pluginsource" library="default.py">
        <provides>video</provides>
    </extension>
    <extension point="xbmc.addon.metadata">
        <platform>all</platform>
        <summary>Elementum Drive permmite abrir torrents elementum no quasar</summary>
        <description>Elementum Drive permmite abrir torrents elementum no quasar em Kodi não roda elementum por ser antigo</description>
        <assets>
            <icon>icon.png</icon>
            <fanart>fanart.jpg</fanart>
        </assets>
    </extension>
</addon>
