<?xml-stylesheet href="mag_arquivos/intl.css" type="text/css"?><parsererror xmlns="http://www.mozilla.org/newlayout/xml/parsererror.xml">Erro no processamento de XML: formatação incorreta
Posição: http://localhost:8080/mag.xml
Número da linha 4, coluna 71:<sourcetext> &lt;link&gt;magnet:?xt=urn:btih:0d9a28decbbbba8388351b09545d509f881037f2&amp;dn=Big%20little%20lies%201%C2%AA%20temporada%20%5bWEBRip%5d%20%5b720p%5d%20%5bDUAL%5d%20COMANDOTORRENTS.COM&amp;tr=udp%3a%2f%2ftracker.openbittorrent.com%3a80%2fannounce&amp;tr=udp%3a%2f%2ftracker.opentrackr.org%3a1337%2fannounce&amp;tr=udp%3a%2f%2ftracker.openbittorrent.com%3a80%2fannounce&amp;tr=udp%3a%2f%2f11.rarbg.com%2fannounce&amp;tr=udp%3a%2f%2ftracker.istole.it%3a80%2fannounce&amp;tr=udp%3a%2f%2ftracker.publicbt.com%3a80%2fannounce&amp;tr=udp%3a%2f%2ftracker.ccc.de%3a80%2fannounce&amp;tr=udp%3a%2f%2ffr33dom.h33t.com%3a3310%2fannounce&amp;tr=udp%3a%2f%2ftracker.yify-torrents.com%3a80%2fannounce&amp;tr=udp%3a%2f%2ftracker.prq.to%2fannounce&amp;tr=http%3a%2f%2ftracker.yify-torrents.com%2fanno...&amp;tr=udp%3a%2f%2ftracker.1337x.org%3a80%2fannounce&amp;tr=http%3a%2f%2fwww.h33t.com%3a3310%2fannounce&amp;tr=http%3a%2f%2fexodus.desync.com%2fannounce&amp;tr=http%3a%2f%2ftracker.coppersurfer.tk%3a6969%2fa...&amp;tr=http%3a%2f%2ftracker.blazing.de%2fannounce&amp;tr=udp%3a%2f%2f9.rarbg.com%3a2740%2fannounce&amp;tr=http%3a%2f%2fbt.careland.com.cn%3a6969%2fannounce&amp;tr=udp%3a%2f%2ftracker.ex.ua%3a80%2fannounce&amp;tr=udp%3a%2f%2fcoppersurfer.tk%3a6969%2fannounce&amp;tr=udp%3a%2f%2fipv4.tracker.harry.lu%3a80%2fannounce&amp;tr=udp%3a%2f%2f12.rarbg.me%3a80%2fannounce&amp;tr=udp%3a%2f%2f9.rarbg.com%3a2740%2fannounce&amp;tr=http%3a%2f%2fexodus.desync.com%3a6969%2fannounce&lt;/link&gt;
----------------------------------------------------------------------^</sourcetext></parsererror>
 <item>
 <title>Guerra dos Sexos </title>
 <link>magnet:?xt=urn:btih:DC62469383F2E7710AB599592607FA25B37032C5&dn=A%20Guerra%20dos%20Sexos%202018%20%28720p%29%20WWW.BLUDV.COM&tr=udp%3a%2f%2ftracker.openbittorrent.com%3a80%2fannounce&tr=udp%3a%2f%2ftracker.opentrackr.org%3a1337%2fannounce&tr=udp%3a%2f%2f9.rarbg.to%3a2740%2fannounce&tr=udp%3a%2f%2fexplodie.org%3a6969%2fannounce&tr=http%3a%2f%2fglotorrents.pw%3a80%2fannounce&tr=udp%3a%2f%2fp4p.arenabg.com%3a1337%2fannounce&tr=udp%3a%2f%2ftorrent.gresille.org%3a80%2fannounce&tr=udp%3a%2f%2ftracker.aletorrenty.pl%3a2710%2fannounce&tr=udp%3a%2f%2ftracker.coppersurfer.tk%3a6969%2fannounce&tr=udp%3a%2f%2ftracker.piratepublic.com%3a1337%2fannounce</link>
 <thumbnail>https://sky.spotlight.agilesvcs.com/v1/proxy?image=http://sky-123-storage.s3.amazonaws.com:80/IMAGES/00/00/06/62371_C26F7B7C197BBB78.jpg?AWSAccessKeyId=AKIAIIK5T7YRRS4JO2DQ&Expires=1519945997&Signature=6dXDTiP6xIEnkkBWDCPPU9grgsM%3d</thumbnail>
 </fanart></fanart>
 </item>

 <item>
 <title>A morte te da Parabens </title>
 <link>magnet:?xt=urn:btih:3CDD050B44AE8CAA9CD01D43E6D0444A99D142C6&dn=A%20Morte%20te%20d%C3%A1%20Parab%C3%A9ns%21%202018%20%28720p%29%20WWW.BLUDV.COM&tr=udp%3a%2f%2ftracker.openbittorrent.com%3a80%2fannounce&tr=udp%3a%2f%2ftracker.opentrackr.org%3a1337%2fannounce&tr=udp%3a%2f%2f9.rarbg.to%3a2710%2fannounce&tr=udp%3a%2f%2fexplodie.org%3a6969%2fannounce&tr=http%3a%2f%2fglotorrents.pw%3a80%2fannounce&tr=udp%3a%2f%2fp4p.arenabg.com%3a1337%2fannounce&tr=udp%3a%2f%2ftorrent.gresille.org%3a80%2fannounce&tr=udp%3a%2f%2ftracker.aletorrenty.pl%3a2710%2fannounce&tr=udp%3a%2f%2ftracker.coppersurfer.tk%3a6969%2fannounce&tr=udp%3a%2f%2ftracker.piratepublic.com%3a1337%2fannounce</link>
 <thumbnail>https://sky.spotlight.agilesvcs.com/v1/proxy?image=http://sky-123-storage.s3.amazonaws.com:80/IMAGES/00/00/06/62370_2A8139713F71B8E3.jpg?AWSAccessKeyId=AKIAIIK5T7YRRS4JO2DQ&Expires=1519945997&Signature=DqORWYastpbbdFz37Blgug7iVps%3d</thumbnail>
 </fanart></fanart>
 </item>
