
 <channels>
 <channel>
 <name>Filmes Stream Torrent Player (β)</name>
 <thumbnail></thumbnail>
 <externallink>http://bit.ly/Filmes-StreamTorrent-Beta</externallink>
 <fanart>http://www.seriados.tv.br/wp-content/uploads/2012/08/fdp_23082012_.jpg</fanart>
 <info></info>
 </channel>
 </channels>

 <channels>
 <channel>
 <name>🎦Lista Reserva Filmes Mr.Canatto🎬</name>
 <thumbnail></thumbnail>
 <externallink>http://bit.ly/Filmes-StreamTorrent-Reserva</externallink>
 <fanart>http://www.seriados.tv.br/wp-content/uploads/2012/08/fdp_23082012_.jpg</fanart>
 <info></info>
 </channel>
 </channels>

 <channels>
 <channel>
 <name>Canais PLTV</name>
 <thumbnail></thumbnail>
 <externallink>http://bit.ly/canaispltv</externallink>
 <fanart>http://www.seriados.tv.br/wp-content/uploads/2012/08/fdp_23082012_.jpg</fanart>
 <info></info>
 </channel>
 </channels>

 <channels>
 <channel>
 <name>Animes e Desenhos</name>
 <thumbnail></thumbnail>
 <externallink>http://bit.ly/ListaAnimes</externallink>
 <fanart>http://www.seriados.tv.br/wp-content/uploads/2012/08/fdp_23082012_.jpg</fanart>
 <info></info>
 </channel>
 </channels>

 <channels>
 <channel>
 <name>Canais Global</name>
 <thumbnail></thumbnail>
 <externallink>http://lista.iptvglobal.com.br</externallink>
 <fanart>http://www.seriados.tv.br/wp-content/uploads/2012/08/fdp_23082012_.jpg</fanart>
 <info></info>
 </channel>
 </channels>

 <channels>
 <channel>
 <name>SERIES EM HD</name>
 <thumbnail></thumbnail>
 <externallink>http://bit.ly/SeriesHD</externallink>
 <fanart>http://www.seriados.tv.br/wp-content/uploads/2012/08/fdp_23082012_.jpg</fanart>
 <info></info>
 </channel>
 </channels>

 <channels>
 <channel>
 <name>ON Series </name>
 <thumbnail></thumbnail>
 <externallink>http://j.mp/ONSeries</externallink>
 <fanart>http://www.seriados.tv.br/wp-content/uploads/2012/08/fdp_23082012_.jpg</fanart>
 <info></info>
 </channel>
 </channels>

 <channels>
 <channel>
 <name>B o x F i l m e s SD</name>
 <thumbnail></thumbnail>
 <externallink>http://bit.ly/boxfilmesSD</externallink>
 <fanart>http://www.seriados.tv.br/wp-content/uploads/2012/08/fdp_23082012_.jpg</fanart>
 <info></info>
 </channel>
 </channels>

 <channels>
 <channel>
 <name>ONSeries (Opção 2)</name>
 <thumbnail></thumbnail>
 <externallink>http://bit.ly/ONSeries</externallink>
 <fanart>http://www.seriados.tv.br/wp-content/uploads/2012/08/fdp_23082012_.jpg</fanart>
 <info></info>
 </channel>
 </channels>

 <channels>
 <channel>
 <name>SERIES EM SD</name>
 <thumbnail></thumbnail>
 <externallink>http://j.mp/SDseries</externallink>
 <fanart>http://www.seriados.tv.br/wp-content/uploads/2012/08/fdp_23082012_.jpg</fanart>
 <info></info>
 </channel>
 </channels>

 <channels>
 <channel>
 <name>SERIES EM SD (Opção 2)</name>
 <thumbnail></thumbnail>
 <externallink>http://bit.ly/SDseries</externallink>
 <fanart>http://www.seriados.tv.br/wp-content/uploads/2012/08/fdp_23082012_.jpg</fanart>
 <info></info>
 </channel>
 </channels>

 <channels>
 <channel>
 <name>B o x S e r i e s HD</name>
 <thumbnail></thumbnail>
 <externallink>http://bit.ly/boxserieslist</externallink>
 <fanart>http://www.seriados.tv.br/wp-content/uploads/2012/08/fdp_23082012_.jpg</fanart>
 <info></info>
 </channel>
 </channels>

 <channels>
 <channel>
 <name>Canais Grupo Up & Down</name>
 <thumbnail></thumbnail>
 <externallink>http://bit.ly/CanaisIPTVbrUD</externallink>
 <fanart>http://www.seriados.tv.br/wp-content/uploads/2012/08/fdp_23082012_.jpg</fanart>
 <info></info>
 </channel>
 </channels>

 <channels>
 <channel>
 <name>Séries e Filmes CINEBOX</name>
 <thumbnail></thumbnail>
 <externallink>https://gist.githubusercontent.com/fuarkz/80f8b9764bf23309295ced9c550546ff/raw/cineboxlista.m3u</externallink>
 <fanart>http://www.seriados.tv.br/wp-content/uploads/2012/08/fdp_23082012_.jpg</fanart>
 <info></info>
 </channel>
 </channels>

 <channels>
 <channel>
 <name>Séries Grupo Up & Down</name>
 <thumbnail></thumbnail>
 <externallink>http://bit.ly/SeriesPlayUD</externallink>
 <fanart>http://www.seriados.tv.br/wp-content/uploads/2012/08/fdp_23082012_.jpg</fanart>
 <info></info>
 </channel>
 </channels>

 <channels>
 <channel>
 <name>Séries SD Nando Box</name>
 <thumbnail></thumbnail>
 <externallink>http://tvnandoip.esy.es/series.m3u</externallink>
 <fanart>http://www.seriados.tv.br/wp-content/uploads/2012/08/fdp_23082012_.jpg</fanart>
 <info></info>
 </channel>
 </channels>

 <channels>
 <channel>
 <name>JUNIOR SERIES HD</name>
 <thumbnail></thumbnail>
 <externallink>http://bit.ly/JuniorSeries</externallink>
 <fanart>http://www.seriados.tv.br/wp-content/uploads/2012/08/fdp_23082012_.jpg</fanart>
 <info></info>
 </channel>
 </channels>

 <channels>
 <channel>
 <name>Séries (Lista do Rodrigo)</name>
 <thumbnail></thumbnail>
 <externallink>http://bit.ly/RodrigouSeries</externallink>
 <fanart>http://www.seriados.tv.br/wp-content/uploads/2012/08/fdp_23082012_.jpg</fanart>
 <info></info>
 </channel>
 </channels>

 <channels>
 <channel>
 <name>Séries - Grupo Up & Down</name>
 <thumbnail></thumbnail>
 <externallink>http://bit.ly/seriesbrudplay</externallink>
 <fanart>http://www.seriados.tv.br/wp-content/uploads/2012/08/fdp_23082012_.jpg</fanart>
 <info></info>
 </channel>
 </channels>

 <channels>
 <channel>
 <name>🎬Séries & Filmes #01🎦</name>
 <thumbnail></thumbnail>
 <externallink>http://bit.ly/2aZGYr9</externallink>
 <fanart>http://www.seriados.tv.br/wp-content/uploads/2012/08/fdp_23082012_.jpg</fanart>
 <info></info>
 </channel>
 </channels>

 <channels>
 <channel>
 <name>🎬Séries #02🎦</name>
 <thumbnail></thumbnail>
 <externallink>http://bit.ly/2b6zz7G</externallink>
 <fanart>http://www.seriados.tv.br/wp-content/uploads/2012/08/fdp_23082012_.jpg</fanart>
 <info></info>
 </channel>
 </channels>

 <channels>
 <channel>
 <name>🎬Séries #03🎦</name>
 <thumbnail></thumbnail>
 <externallink>http://bit.ly/2ayfzIV</externallink>
 <fanart>http://www.seriados.tv.br/wp-content/uploads/2012/08/fdp_23082012_.jpg</fanart>
 <info></info>
 </channel>
 </channels>

 <channels>
 <channel>
 <name>🎬Séries #04🎦</name>
 <thumbnail></thumbnail>
 <externallink>http://bit.ly/2aElDPS</externallink>
 <fanart>http://www.seriados.tv.br/wp-content/uploads/2012/08/fdp_23082012_.jpg</fanart>
 <info></info>
 </channel>
 </channels>

 <channels>
 <channel>
 <name>JUNIOR FILMES HD</name>
 <thumbnail></thumbnail>
 <externallink>http://bit.ly/JuniorFilmes</externallink>
 <fanart>http://www.seriados.tv.br/wp-content/uploads/2012/08/fdp_23082012_.jpg</fanart>
 <info></info>
 </channel>
 </channels>

 <channels>
 <channel>
 <name>"3.500" Filmes #ON</name>
 <thumbnail></thumbnail>
 <externallink>http://pastebin.com/KBvnNwbD</externallink>
 <fanart>http://www.seriados.tv.br/wp-content/uploads/2012/08/fdp_23082012_.jpg</fanart>
 <info></info>
 </channel>
 </channels>

 <channels>
 <channel>
 <name>IPTV On Demand 2016 - Filmes 🎥</name>
 <thumbnail></thumbnail>
 <externallink>http://bit.ly/iptvondemand2016</externallink>
 <fanart>http://www.seriados.tv.br/wp-content/uploads/2012/08/fdp_23082012_.jpg</fanart>
 <info></info>
 </channel>
 </channels>

 <channels>
 <channel>
 <name>Filmes CINE HD</name>
 <thumbnail></thumbnail>
 <externallink>http://bit.ly/CINEHD</externallink>
 <fanart>http://www.seriados.tv.br/wp-content/uploads/2012/08/fdp_23082012_.jpg</fanart>
 <info></info>
 </channel>
 </channels>

 <channels>
 <channel>
 <name>Filmes Droid Filmes</name>
 <thumbnail></thumbnail>
 <externallink>http://bit.ly/DROIDFILME</externallink>
 <fanart>http://www.seriados.tv.br/wp-content/uploads/2012/08/fdp_23082012_.jpg</fanart>
 <info></info>
 </channel>
 </channels>

 <channels>
 <channel>
 <name>Filmes T</name>
 <thumbnail></thumbnail>
 <externallink>http://j.mp/FilmesT</externallink>
 <fanart>http://www.seriados.tv.br/wp-content/uploads/2012/08/fdp_23082012_.jpg</fanart>
 <info></info>
 </channel>
 </channels>

 <channels>
 <channel>
 <name>🎦 Filmes em HD - 158 🎬</name>
 <thumbnail></thumbnail>
 <externallink>http://bit.ly/2iptvlistafilmes</externallink>
 <fanart>http://www.seriados.tv.br/wp-content/uploads/2012/08/fdp_23082012_.jpg</fanart>
 <info></info>
 </channel>
 </channels>

 <channels>
 <channel>
 <name>Mega Box Filmes 🎥</name>
 <thumbnail></thumbnail>
 <externallink>http://bit.ly/megaboxfilmes</externallink>
 <fanart>http://www.seriados.tv.br/wp-content/uploads/2012/08/fdp_23082012_.jpg</fanart>
 <info></info>
 </channel>
 </channels>

 <channels>
 <channel>
 <name>🎦Filmes (Lista do Rodrigo)🎬</name>
 <thumbnail></thumbnail>
 <externallink>http://bit.ly/RodrigouFilmes</externallink>
 <fanart>http://www.seriados.tv.br/wp-content/uploads/2012/08/fdp_23082012_.jpg</fanart>
 <info></info>
 </channel>
 </channels>

 <channels>
 <channel>
 <name>🎬Filmes "Jorge #01"🎥</name>
 <thumbnail></thumbnail>
 <externallink>http://bit.ly/jorgedejorge_filmes</externallink>
 <fanart>http://www.seriados.tv.br/wp-content/uploads/2012/08/fdp_23082012_.jpg</fanart>
 <info></info>
 </channel>
 </channels>

 <channels>
 <channel>
 <name>🎦 Jorge Filmes 🎥</name>
 <thumbnail></thumbnail>
 <externallink>http://bit.ly/jorgedejorge_maisfilmes</externallink>
 <fanart>http://www.seriados.tv.br/wp-content/uploads/2012/08/fdp_23082012_.jpg</fanart>
 <info></info>
 </channel>
 </channels>

 <channels>
 <channel>
 <name>Luã FILMES</name>
 <thumbnail></thumbnail>
 <externallink>http://bit.ly/luafilmes</externallink>
 <fanart>http://www.seriados.tv.br/wp-content/uploads/2012/08/fdp_23082012_.jpg</fanart>
 <info></info>
 </channel>
 </channels>

 <channels>
 <channel>
 <name>Luã Filmes #02</name>
 <thumbnail></thumbnail>
 <externallink>http://bit.ly/LuaFilmes</externallink>
 <fanart>http://www.seriados.tv.br/wp-content/uploads/2012/08/fdp_23082012_.jpg</fanart>
 <info></info>
 </channel>
 </channels>

 <channels>
 <channel>
 <name>Luã Séries 📺</name>
 <thumbnail></thumbnail>
 <externallink>http://pastebin.com/SwWmYUwN</externallink>
 <fanart>http://www.seriados.tv.br/wp-content/uploads/2012/08/fdp_23082012_.jpg</fanart>
 <info></info>
 </channel>
 </channels>

 <channels>
 <channel>
 <name>José Filmes 🎬</name>
 <thumbnail></thumbnail>
 <externallink>http://bit.ly/JoseFilmes</externallink>
 <fanart>http://www.seriados.tv.br/wp-content/uploads/2012/08/fdp_23082012_.jpg</fanart>
 <info></info>
 </channel>
 </channels>

 <channels>
 <channel>
 <name>🎬Cleiton Filmes #01🎥</name>
 <thumbnail></thumbnail>
 <externallink>http://bit.ly/2b6fHni</externallink>
 <fanart>http://www.seriados.tv.br/wp-content/uploads/2012/08/fdp_23082012_.jpg</fanart>
 <info></info>
 </channel>
 </channels>

 <channels>
 <channel>
 <name>🎬Cleiton Filmes #02🎥</name>
 <thumbnail></thumbnail>
 <externallink>http://bit.ly/2as3k59</externallink>
 <fanart>http://www.seriados.tv.br/wp-content/uploads/2012/08/fdp_23082012_.jpg</fanart>
 <info></info>
 </channel>
 </channels>

 <channels>
 <channel>
 <name>Filmes - Grupo Up & Down</name>
 <thumbnail></thumbnail>
 <externallink>http://bit.ly/updownfilmes</externallink>
 <fanart>http://www.seriados.tv.br/wp-content/uploads/2012/08/fdp_23082012_.jpg</fanart>
 <info></info>
 </channel>
 </channels>

 <channels>
 <channel>
 <name>Filmes Grupo Up & Down Opç.2</name>
 <thumbnail></thumbnail>
 <externallink>http://bit.ly/UpeDownPlay</externallink>
 <fanart>http://www.seriados.tv.br/wp-content/uploads/2012/08/fdp_23082012_.jpg</fanart>
 <info></info>
 </channel>
 </channels>

 <channels>
 <channel>
 <name>Series e Filmes P i p o c a P L T V</name>
 <thumbnail></thumbnail>
 <externallink>http://pipocapltv.tk</externallink>
 <fanart>http://www.seriados.tv.br/wp-content/uploads/2012/08/fdp_23082012_.jpg</fanart>
 <info></info>
 </channel>
 </channels>

 <channels>
 <channel>
 <name>Lista de Filmes</name>
 <thumbnail></thumbnail>
 <externallink>http://bit.ly/Lista-Filmes</externallink>
 <fanart>http://www.seriados.tv.br/wp-content/uploads/2012/08/fdp_23082012_.jpg</fanart>
 <info></info>
 </channel>
 </channels>

 <channels>
 <channel>
 <name>Cine Filmes </name>
 <thumbnail></thumbnail>
 <externallink>http://cinemalivre.ucoz.net/CineFilmes.m3u</externallink>
 <fanart>http://www.seriados.tv.br/wp-content/uploads/2012/08/fdp_23082012_.jpg</fanart>
 <info></info>
 </channel>
 </channels>

 <channels>
 <channel>
 <name>Filmes de Terror</name>
 <thumbnail></thumbnail>
 <externallink>http://bit.ly/1U5JP0c</externallink>
 <fanart>http://www.seriados.tv.br/wp-content/uploads/2012/08/fdp_23082012_.jpg</fanart>
 <info></info>
 </channel>
 </channels>

 <channels>
 <channel>
 <name>Filmes Cinema IPTV</name>
 <thumbnail></thumbnail>
 <externallink>http://bit.ly/CinemaIPTV</externallink>
 <fanart>http://www.seriados.tv.br/wp-content/uploads/2012/08/fdp_23082012_.jpg</fanart>
 <info></info>
 </channel>
 </channels>

 <channels>
 <channel>
 <name>Filmes Top Flix</name>
 <thumbnail></thumbnail>
 <externallink>http://bit.ly/TOPFLIX</externallink>
 <fanart>http://www.seriados.tv.br/wp-content/uploads/2012/08/fdp_23082012_.jpg</fanart>
 <info></info>
 </channel>
 </channels>

 <channels>
 <channel>
 <name>📺Canal do Adanubio - Desenhos</name>
 <thumbnail></thumbnail>
 <externallink>http://bit.ly/AdanubioDesenhos</externallink>
 <fanart>http://www.seriados.tv.br/wp-content/uploads/2012/08/fdp_23082012_.jpg</fanart>
 <info></info>
 </channel>
 </channels>

 <channels>
 <channel>
 <name>JUNIOR TV</name>
 <thumbnail></thumbnail>
 <externallink>http://bit.ly/JuniorTVOnline</externallink>
 <fanart>http://www.seriados.tv.br/wp-content/uploads/2012/08/fdp_23082012_.jpg</fanart>
 <info></info>
 </channel>
 </channels>

 <channels>
 <channel>
 <name>Canais Lista FelipeHD</name>
 <thumbnail></thumbnail>
 <externallink>http://bit.ly/Lista-FelipeHD</externallink>
 <fanart>http://www.seriados.tv.br/wp-content/uploads/2012/08/fdp_23082012_.jpg</fanart>
 <info></info>
 </channel>
 </channels>

 <channels>
 <channel>
 <name>Lista do Pedro Junior</name>
 <thumbnail></thumbnail>
 <externallink>http://bit.ly/pjt-lista</externallink>
 <fanart>http://www.seriados.tv.br/wp-content/uploads/2012/08/fdp_23082012_.jpg</fanart>
 <info></info>
 </channel>
 </channels>

 <channels>
 <channel>
 <name>📺Lista de Canais do Rodrigo📡</name>
 <thumbnail></thumbnail>
 <externallink>http://bit.ly/Rodrigou</externallink>
 <fanart>http://www.seriados.tv.br/wp-content/uploads/2012/08/fdp_23082012_.jpg</fanart>
 <info></info>
 </channel>
 </channels>

 <channels>
 <channel>
 <name>Canais Milton</name>
 <thumbnail></thumbnail>
 <externallink>http://bit.ly/lista-milton</externallink>
 <fanart>http://www.seriados.tv.br/wp-content/uploads/2012/08/fdp_23082012_.jpg</fanart>
 <info></info>
 </channel>
 </channels>

 <channels>
 <channel>
 <name>Canais Igor Lista 📺</name>
 <thumbnail></thumbnail>
 <externallink>http://j.mp/igorlista</externallink>
 <fanart>http://www.seriados.tv.br/wp-content/uploads/2012/08/fdp_23082012_.jpg</fanart>
 <info></info>
 </channel>
 </channels>

 <channels>
 <channel>
 <name>📺Lista de Canais do Claudio📡</name>
 <thumbnail></thumbnail>
 <externallink>http://bit.ly/lista-claudio</externallink>
 <fanart>http://www.seriados.tv.br/wp-content/uploads/2012/08/fdp_23082012_.jpg</fanart>
 <info></info>
 </channel>
 </channels>

 <channels>
 <channel>
 <name>📺Listas de Canais TV Foco📡</name>
 <thumbnail></thumbnail>
 <externallink>http://tvfo.co/tvfoco</externallink>
 <fanart>http://www.seriados.tv.br/wp-content/uploads/2012/08/fdp_23082012_.jpg</fanart>
 <info></info>
 </channel>
 </channels>

 <channels>
 <channel>
 <name>Canais Igor IPTV 📺</name>
 <thumbnail></thumbnail>
 <externallink>http://j.mp/igoriptv</externallink>
 <fanart>http://www.seriados.tv.br/wp-content/uploads/2012/08/fdp_23082012_.jpg</fanart>
 <info></info>
 </channel>
 </channels>

 <channels>
 <channel>
 <name>Canais Android HyperUser</name>
 <thumbnail></thumbnail>
 <externallink>http://tinyurl.com/IPTVJonnyPaes</externallink>
 <fanart>http://www.seriados.tv.br/wp-content/uploads/2012/08/fdp_23082012_.jpg</fanart>
 <info></info>
 </channel>
 </channels>

 <channels>
 <channel>
 <name>📺 IPTV 📡</name>
 <thumbnail></thumbnail>
 <externallink>http://bit.ly/TV_IPTV</externallink>
 <fanart>http://www.seriados.tv.br/wp-content/uploads/2012/08/fdp_23082012_.jpg</fanart>
 <info></info>
 </channel>
 </channels>

 <channels>
 <channel>
 <name>Canais Channels ON</name>
 <thumbnail></thumbnail>
 <externallink>http://j.mp/Channels-ON</externallink>
 <fanart>http://www.seriados.tv.br/wp-content/uploads/2012/08/fdp_23082012_.jpg</fanart>
 <info></info>
 </channel>
 </channels>

 <channels>
 <channel>
 <name>TV 📺📡 - 📃 Kako Roberto</name>
 <thumbnail></thumbnail>
 <externallink>http://bit.ly/kakoroberto</externallink>
 <fanart>http://www.seriados.tv.br/wp-content/uploads/2012/08/fdp_23082012_.jpg</fanart>
 <info></info>
 </channel>
 </channels>

 <channels>
 <channel>
 <name>Sobrenatural</name>
 <thumbnail></thumbnail>
 <externallink>http://bit.ly/CR-SOBRENATURAL</externallink>
 <fanart>http://www.seriados.tv.br/wp-content/uploads/2012/08/fdp_23082012_.jpg</fanart>
 <info></info>
 </channel>
 </channels>

 <channels>
 <channel>
 <name>2 Homens e Meio</name>
 <thumbnail></thumbnail>
 <externallink>http://bit.ly/CR-2HOMENSEMEIO</externallink>
 <fanart>http://www.seriados.tv.br/wp-content/uploads/2012/08/fdp_23082012_.jpg</fanart>
 <info></info>
 </channel>
 </channels>

 <channels>
 <channel>
 <name>Diários de Um Vampiro</name>
 <thumbnail></thumbnail>
 <externallink>http://bit.ly/CR-DIARIOSDEUMVAMPIRO</externallink>
 <fanart>http://www.seriados.tv.br/wp-content/uploads/2012/08/fdp_23082012_.jpg</fanart>
 <info></info>
 </channel>
 </channels>

 <channels>
 <channel>
 <name>VIKINGS</name>
 <thumbnail></thumbnail>
 <externallink>http://bit.ly/CR-VIKINGS</externallink>
 <fanart>http://www.seriados.tv.br/wp-content/uploads/2012/08/fdp_23082012_.jpg</fanart>
 <info></info>
 </channel>
 </channels>

 <channels>
 <channel>
 <name>📺📡Canais de Esportes⚽🏀🏄🎾</name>
 <thumbnail></thumbnail>
 <externallink>Http://bit.ly/esportesbr</externallink>
 <fanart>http://www.seriados.tv.br/wp-content/uploads/2012/08/fdp_23082012_.jpg</fanart>
 <info></info>
 </channel>
 </channels>

 <channels>
 <channel>
 <name>{+18} Cine Adultos</name>
 <thumbnail></thumbnail>
 <externallink>http://bit.ly/CineAdultos</externallink>
 <fanart>http://www.seriados.tv.br/wp-content/uploads/2012/08/fdp_23082012_.jpg</fanart>
 <info></info>
 </channel>
 </channels>
