
 <channels>
 <channel>
 <name>Animes e Desenhos</name>
 <thumbnail></thumbnail>
 <externallink>http://bit.ly/ListaAnimes</externallink>
 <fanart>http://www.seriados.tv.br/wp-content/uploads/2012/08/fdp_23082012_.jpg</fanart>
 <info></info>
 </channel>
 </channels>

 <channels>
 <channel>
 <name>Animes Dublado</name>
 <thumbnail></thumbnail>
 <externallink>http://bit.ly/ANIMEDUBLADO</externallink>
 <fanart>http://www.seriados.tv.br/wp-content/uploads/2012/08/fdp_23082012_.jpg</fanart>
 <info></info>
 </channel>
 </channels>

 <channels>
 <channel>
 <name>Animes Legendado</name>
 <thumbnail></thumbnail>
 <externallink>http://bit.ly/ANIMES</externallink>
 <fanart>http://www.seriados.tv.br/wp-content/uploads/2012/08/fdp_23082012_.jpg</fanart>
 <info></info>
 </channel>
 </channels>

 <channels>
 <channel>
 <name>Series e Filmes P i p o c a P L T V</name>
 <thumbnail></thumbnail>
 <externallink>http://pipocapltv.tk</externallink>
 <fanart>http://www.seriados.tv.br/wp-content/uploads/2012/08/fdp_23082012_.jpg</fanart>
 <info></info>
 </channel>
 </channels>

 <channels>
 <channel>
 <name>Séries e Filmes CINEBOX</name>
 <thumbnail></thumbnail>
 <externallink>https://gist.githubusercontent.com/fuarkz/80f8b9764bf23309295ced9c550546ff/raw/cineboxlista.m3u</externallink>
 <fanart>http://www.seriados.tv.br/wp-content/uploads/2012/08/fdp_23082012_.jpg</fanart>
 <info></info>
 </channel>
 </channels>

 <channels>
 <channel>
 <name>ON Series </name>
 <thumbnail></thumbnail>
 <externallink>http://j.mp/ONSeries</externallink>
 <fanart>http://www.seriados.tv.br/wp-content/uploads/2012/08/fdp_23082012_.jpg</fanart>
 <info></info>
 </channel>
 </channels>

 <channels>
 <channel>
 <name>Series SD</name>
 <thumbnail></thumbnail>
 <externallink>http://bit.ly/SeriesSD</externallink>
 <fanart>http://www.seriados.tv.br/wp-content/uploads/2012/08/fdp_23082012_.jpg</fanart>
 <info></info>
 </channel>
 </channels>

 <channels>
 <channel>
 <name>Series Droid</name>
 <thumbnail></thumbnail>
 <externallink>http://bit.ly/DROIDSERIES</externallink>
 <fanart>http://www.seriados.tv.br/wp-content/uploads/2012/08/fdp_23082012_.jpg</fanart>
 <info></info>
 </channel>
 </channels>

 <channels>
 <channel>
 <name>Séries Grupo Up & Down</name>
 <thumbnail></thumbnail>
 <externallink>http://bit.ly/SeriesPlayUD</externallink>
 <fanart>http://www.seriados.tv.br/wp-content/uploads/2012/08/fdp_23082012_.jpg</fanart>
 <info></info>
 </channel>
 </channels>

 <channels>
 <channel>
 <name>Canais Grupo Up & Down</name>
 <thumbnail></thumbnail>
 <externallink>http://bit.ly/CanaisIPTVbrUD</externallink>
 <fanart>http://www.seriados.tv.br/wp-content/uploads/2012/08/fdp_23082012_.jpg</fanart>
 <info></info>
 </channel>
 </channels>

 <channels>
 <channel>
 <name>Canais Channels ON</name>
 <thumbnail></thumbnail>
 <externallink>http://j.mp/Channels-ON</externallink>
 <fanart>http://www.seriados.tv.br/wp-content/uploads/2012/08/fdp_23082012_.jpg</fanart>
 <info></info>
 </channel>
 </channels>

 <channels>
 <channel>
 <name>Canais Global</name>
 <thumbnail></thumbnail>
 <externallink>http://lista.iptvglobal.com.br</externallink>
 <fanart>http://www.seriados.tv.br/wp-content/uploads/2012/08/fdp_23082012_.jpg</fanart>
 <info></info>
 </channel>
 </channels>

 <channels>
 <channel>
 <name>Canais Igor Lista</name>
 <thumbnail></thumbnail>
 <externallink>http://j.mp/igorlista</externallink>
 <fanart>http://www.seriados.tv.br/wp-content/uploads/2012/08/fdp_23082012_.jpg</fanart>
 <info></info>
 </channel>
 </channels>

 <channels>
 <channel>
 <name>Canais Igor Iptv</name>
 <thumbnail></thumbnail>
 <externallink>http://j.mp/igoriptv</externallink>
 <fanart>http://www.seriados.tv.br/wp-content/uploads/2012/08/fdp_23082012_.jpg</fanart>
 <info></info>
 </channel>
 </channels>

 <channels>
 <channel>
 <name>Canais Android HyperUser</name>
 <thumbnail></thumbnail>
 <externallink>http://tinyurl.com/IPTVJonnyPaes</externallink>
 <fanart>http://www.seriados.tv.br/wp-content/uploads/2012/08/fdp_23082012_.jpg</fanart>
 <info></info>
 </channel>
 </channels>

 <channels>
 <channel>
 <name>Canais Lista FelipeHD</name>
 <thumbnail></thumbnail>
 <externallink>http://bit.ly/Lista-FelipeHD</externallink>
 <fanart>http://www.seriados.tv.br/wp-content/uploads/2012/08/fdp_23082012_.jpg</fanart>
 <info></info>
 </channel>
 </channels>

 <channels>
 <channel>
 <name>Canais IPTV Br HD</name>
 <thumbnail></thumbnail>
 <externallink>http://bit.ly/IPTVBRHD</externallink>
 <fanart>http://www.seriados.tv.br/wp-content/uploads/2012/08/fdp_23082012_.jpg</fanart>
 <info></info>
 </channel>
 </channels>

 <channels>
 <channel>
 <name>Canais Sport HD</name>
 <thumbnail></thumbnail>
 <externallink>http://bit.ly/SPORTHD</externallink>
 <fanart>http://www.seriados.tv.br/wp-content/uploads/2012/08/fdp_23082012_.jpg</fanart>
 <info></info>
 </channel>
 </channels>

 <channels>
 <channel>
 <name>Canais Esportes BR</name>
 <thumbnail></thumbnail>
 <externallink>http://bit.ly/esportesbr</externallink>
 <fanart>http://www.seriados.tv.br/wp-content/uploads/2012/08/fdp_23082012_.jpg</fanart>
 <info></info>
 </channel>
 </channels>

 <channels>
 <channel>
 <name>Canais Lista PJ</name>
 <thumbnail></thumbnail>
 <externallink>http://goo.gl/eKtbPJ</externallink>
 <fanart>http://www.seriados.tv.br/wp-content/uploads/2012/08/fdp_23082012_.jpg</fanart>
 <info></info>
 </channel>
 </channels>

 <channels>
 <channel>
 <name>Canais Isaol</name>
 <thumbnail></thumbnail>
 <externallink>http://j.mp/IsaoIPTV</externallink>
 <fanart>http://www.seriados.tv.br/wp-content/uploads/2012/08/fdp_23082012_.jpg</fanart>
 <info></info>
 </channel>
 </channels>

 <channels>
 <channel>
 <name>Canais Milton</name>
 <thumbnail></thumbnail>
 <externallink>http://bit.ly/lista-milton</externallink>
 <fanart>http://www.seriados.tv.br/wp-content/uploads/2012/08/fdp_23082012_.jpg</fanart>
 <info></info>
 </channel>
 </channels>

 <channels>
 <channel>
 <name>DIRECT CANAIS</name>
 <thumbnail></thumbnail>
 <externallink>http://bit.ly/JDListatv</externallink>
 <fanart>http://www.seriados.tv.br/wp-content/uploads/2012/08/fdp_23082012_.jpg</fanart>
 <info></info>
 </channel>
 </channels>

 <channels>
 <channel>
 <name>Canais</name>
 <thumbnail></thumbnail>
 <externallink>http://bit.ly/jorgedejorge_canais</externallink>
 <fanart>http://www.seriados.tv.br/wp-content/uploads/2012/08/fdp_23082012_.jpg</fanart>
 <info></info>
 </channel>
 </channels>

 <channels>
 <channel>
 <name>Canais Lista do Caio</name>
 <thumbnail></thumbnail>
 <externallink>http://j.mp/caiosmart</externallink>
 <fanart>http://www.seriados.tv.br/wp-content/uploads/2012/08/fdp_23082012_.jpg</fanart>
 <info></info>
 </channel>
 </channels>

 <channels>
 <channel>
 <name>Gospel Grupo Up & Down</name>
 <thumbnail></thumbnail>
 <externallink>http://bit.ly/CorintiosC4V89</externallink>
 <fanart>http://www.seriados.tv.br/wp-content/uploads/2012/08/fdp_23082012_.jpg</fanart>
 <info></info>
 </channel>
 </channels>

 <channels>
 <channel>
 <name>Filmes Grupo Up & Down</name>
 <thumbnail></thumbnail>
 <externallink>http://bit.ly/UpeDownPlay</externallink>
 <fanart>http://www.seriados.tv.br/wp-content/uploads/2012/08/fdp_23082012_.jpg</fanart>
 <info></info>
 </channel>
 </channels>

 <channels>
 <channel>
 <name>Cine Filmes</name>
 <thumbnail></thumbnail>
 <externallink>http://tiny.cc/cinefilmes</externallink>
 <fanart>http://www.seriados.tv.br/wp-content/uploads/2012/08/fdp_23082012_.jpg</fanart>
 <info></info>
 </channel>
 </channels>

 <channels>
 <channel>
 <name>Filmes Top Flix</name>
 <thumbnail></thumbnail>
 <externallink>http://bit.ly/TOPFLIX</externallink>
 <fanart>http://www.seriados.tv.br/wp-content/uploads/2012/08/fdp_23082012_.jpg</fanart>
 <info></info>
 </channel>
 </channels>

 <channels>
 <channel>
 <name>Filmes CINE HD</name>
 <thumbnail></thumbnail>
 <externallink>http://bit.ly/CINEHD</externallink>
 <fanart>http://www.seriados.tv.br/wp-content/uploads/2012/08/fdp_23082012_.jpg</fanart>
 <info></info>
 </channel>
 </channels>

 <channels>
 <channel>
 <name>Filmes UP e Down [RESERVA]</name>
 <thumbnail></thumbnail>
 <externallink>http://pastebin.com/raw.php?i=DpiekH8s</externallink>
 <fanart>http://www.seriados.tv.br/wp-content/uploads/2012/08/fdp_23082012_.jpg</fanart>
 <info></info>
 </channel>
 </channels>

 <channels>
 <channel>
 <name>Filmes Droid Filmes</name>
 <thumbnail></thumbnail>
 <externallink>http://bit.ly/DROIDFILMES</externallink>
 <fanart>http://www.seriados.tv.br/wp-content/uploads/2012/08/fdp_23082012_.jpg</fanart>
 <info></info>
 </channel>
 </channels>

 <channels>
 <channel>
 <name>Filmes "Jorge DeJorge"</name>
 <thumbnail></thumbnail>
 <externallink>http://bit.ly/jorgedejorge_filmes</externallink>
 <fanart>http://www.seriados.tv.br/wp-content/uploads/2012/08/fdp_23082012_.jpg</fanart>
 <info></info>
 </channel>
 </channels>

 <channels>
 <channel>
 <name>Filmes T</name>
 <thumbnail></thumbnail>
 <externallink>http://j.mp/FilmesT</externallink>
 <fanart>http://www.seriados.tv.br/wp-content/uploads/2012/08/fdp_23082012_.jpg</fanart>
 <info></info>
 </channel>
 </channels>

 <channels>
 <channel>
 <name>Filmes Lista de Filmes</name>
 <thumbnail></thumbnail>
 <externallink>http://bit.ly/Lista-Filmes</externallink>
 <fanart>http://www.seriados.tv.br/wp-content/uploads/2012/08/fdp_23082012_.jpg</fanart>
 <info></info>
 </channel>
 </channels>

 <channels>
 <channel>
 <name>Filmes IPTV</name>
 <thumbnail></thumbnail>
 <externallink>http://j.mp/CristianoIPTV-Filmes</externallink>
 <fanart>http://www.seriados.tv.br/wp-content/uploads/2012/08/fdp_23082012_.jpg</fanart>
 <info></info>
 </channel>
 </channels>

 <channels>
 <channel>
 <name>Filmes Cinema IPTV</name>
 <thumbnail></thumbnail>
 <externallink>http://bit.ly/CinemaIPTV</externallink>
 <fanart>http://www.seriados.tv.br/wp-content/uploads/2012/08/fdp_23082012_.jpg</fanart>
 <info></info>
 </channel>
 </channels>

 <channels>
 <channel>
 <name>Filmes LEQ</name>
 <thumbnail></thumbnail>
 <externallink>http://pastebin.com/LEQtpnN4</externallink>
 <fanart>http://www.seriados.tv.br/wp-content/uploads/2012/08/fdp_23082012_.jpg</fanart>
 <info></info>
 </channel>
 </channels>

 <channels>
 <channel>
 <name>Filmes de Terror</name>
 <thumbnail></thumbnail>
 <externallink>http://j.mp/1U5JP0c</externallink>
 <fanart>http://www.seriados.tv.br/wp-content/uploads/2012/08/fdp_23082012_.jpg</fanart>
 <info></info>
 </channel>
 </channels>

 <channels>
 <channel>
 <name>{+18} Cine Adultos</name>
 <thumbnail></thumbnail>
 <externallink>http://bit.ly/CineAdultos</externallink>
 <fanart>http://www.seriados.tv.br/wp-content/uploads/2012/08/fdp_23082012_.jpg</fanart>
 <info></info>
 </channel>
 </channels>

 <channels>
 <channel>
 <name>{+18} Igor Adulto</name>
 <thumbnail></thumbnail>
 <externallink>http://bit.ly/IgorAdulto</externallink>
 <fanart>http://www.seriados.tv.br/wp-content/uploads/2012/08/fdp_23082012_.jpg</fanart>
 <info></info>
 </channel>
 </channels>

 <channels>
 <channel>
 <name>{+18} Porn HD</name>
 <thumbnail></thumbnail>
 <externallink>http://bit.ly/PornosHD</externallink>
 <fanart>http://www.seriados.tv.br/wp-content/uploads/2012/08/fdp_23082012_.jpg</fanart>
 <info></info>
 </channel>
 </channels>

 <channels>
 <channel>
 <name>{+18} Hentai HD</name>
 <thumbnail></thumbnail>
 <externallink>http://bit.ly/HentaiHD</externallink>
 <fanart>http://www.seriados.tv.br/wp-content/uploads/2012/08/fdp_23082012_.jpg</fanart>
 <info></info>
 </channel>
 </channels>

 <channels>
 <channel>
 <name>[INT] Portugal & World</name>
 <thumbnail></thumbnail>
 <externallink>http://kitina.kodiportugal.com/</externallink>
 <fanart>http://www.seriados.tv.br/wp-content/uploads/2012/08/fdp_23082012_.jpg</fanart>
 <info></info>
 </channel>
 </channels>

 <channels>
 <channel>
 <name>[INT] SporTV</name>
 <thumbnail></thumbnail>
 <externallink>http://pastebin.com/raw.php?i=1akRx2bw</externallink>
 <fanart>http://www.seriados.tv.br/wp-content/uploads/2012/08/fdp_23082012_.jpg</fanart>
 <info></info>
 </channel>
 </channels>

 <channels>
 <channel>
 <name>[INT] U.S.A</name>
 <thumbnail></thumbnail>
 <externallink>http://bit.ly/USA_IPTV</externallink>
 <fanart>http://www.seriados.tv.br/wp-content/uploads/2012/08/fdp_23082012_.jpg</fanart>
 <info></info>
 </channel>
 </channels>

 <channels>
 <channel>
 <name>[INT] Canadá</name>
 <thumbnail></thumbnail>
 <externallink>http://bit.ly/CANADA_IPTV</externallink>
 <fanart>http://www.seriados.tv.br/wp-content/uploads/2012/08/fdp_23082012_.jpg</fanart>
 <info></info>
 </channel>
 </channels>

 <channels>
 <channel>
 <name>[INT] Latino</name>
 <thumbnail></thumbnail>
 <externallink>http://radiofundacion.org.ar/megaIPTV-conXXX-Actualizable_byAndres87.m3u</externallink>
 <fanart>http://www.seriados.tv.br/wp-content/uploads/2012/08/fdp_23082012_.jpg</fanart>
 <info></info>
 </channel>
 </channels>

 <channels>
 <channel>
 <name>[INT] Latinos & World</name>
 <thumbnail></thumbnail>
 <externallink>http://bit.ly/LatinosWorld</externallink>
 <fanart>http://www.seriados.tv.br/wp-content/uploads/2012/08/fdp_23082012_.jpg</fanart>
 <info></info>
 </channel>
 </channels>

 <channels>
 <channel>
 <name>[INT] Lista Internacional</name>
 <thumbnail></thumbnail>
 <externallink>http://bit.ly/husham2015</externallink>
 <fanart>http://www.seriados.tv.br/wp-content/uploads/2012/08/fdp_23082012_.jpg</fanart>
 <info></info>
 </channel>
 </channels>

 <channels>
 <channel>
 <name>[INT] Internacionais</name>
 <thumbnail></thumbnail>
 <externallink>http://pastebin.com/raw.php?i=vHQ5EBLq</externallink>
 <fanart>http://www.seriados.tv.br/wp-content/uploads/2012/08/fdp_23082012_.jpg</fanart>
 <info></info>
 </channel>
 </channels>

 