<?xml version="1.0" encoding="UTF-8"?>
<addon id="plugin.video.gdrive" version="KDS.1.0" name="gdrive webflix" provider-name="Kodish Team">
    <requires>
        <import addon="xbmc.python" version="2.1.0"/>
    </requires>
    <extension point="xbmc.python.pluginsource" library="default.py">
        <provides>video audio image programs</provides>
    </extension>
    <extension point="xbmc.addon.metadata">
        <summary>Solução temporaria ate pessoal do addon resolver o problema</summary>
        <description>Google Drive.</description>
        <platform>all</platform>
    </extension>
</addon>


