<?xml version="1.0" encoding="UTF-8" standalone="yes"?>
<addon id="plugin.video.ucolecionador" name="Ucolecionador" version="1.0.0" provider-name="Kodishmc">
  <requires>
    <import addon="xbmc.python" version="2.1.0"/>
  </requires>
  <extension point="xbmc.python.pluginsource" library="default.py">
        <provides>video</provides>
  </extension>
  <extension point="xbmc.addon.metadata">
    <summary lang="en"></summary>
    <description lang="en">Addon do Maior Colecionador de acessorios e itens de Mega drive do Mundo agora no seu Kodi</description>
    <platform>all</platform>
  </extension>
</addon>
