﻿<?xml version="1.0" encoding="UTF-8" standalone="yes"?>
<addon id="repo.TWTUTORIAIS" name="[B][COLOR white].[/COLOR][COLOR red]REPO[/COLOR][COLOR white] TWTutoriais[/B][/COLOR]" version="1.0" provider-name="repo.TWTUTORIAIS">
	<extension point="xbmc.addon.repository" name="Repositorio TWTutoriais">
		<info compressed="false">https://twtutoriaisrepo.000webhostapp.com/RepoTWTutoriais/addons.xml</info>
		<checksum>https://twtutoriaisrepo.000webhostapp.com/RepoTWTutoriais/addons.xml.md5</checksum>
		<datadir zip="true">https://twtutoriaisrepo.000webhostapp.com/RepoTWTutoriais/Plugins/</datadir>
	</extension>
	<extension point="xbmc.addon.metadata">
	  <news>
Add-on INSTALADO VIA REPO TONY WARLLEY TUTORIAIS, não baixe Add-ons que não sejam Oficial, Add-ons Oficiais somente no CANAL TONY WARLLEY TUTORIAIS.
        </news>
		<summary>Repositorio TWTutoriais</summary>
		<description>Repositório TWTutoriais - Proibido Cópia e Reprodução sem Autorização.</description>
		<disclaimer></disclaimer>
		<platform>all</platform>
	</extension>
</addon>