<?xml version="1.0" encoding="UTF-8"?>
<addon id="plugin.video.netflix2" version="1.0.0" name="Kodish Netflix" provider-name="Kodish MC">
    <requires>
        <import addon="xbmc.python" version="2.25.0"/>
    </requires>
    <extension point="xbmc.python.pluginsource" library="default.py">
        <provides>video</provides>
    </extension>
    <extension point="xbmc.addon.metadata">
        <summary lang="en_GB">Laucher Netflix by Kodish</summary>
        <description lang="en_GB"></description>
        <platform>all</platform>
        <license>Kodish Licence</license>
        <source></source>
        <news></news>
        <assets>
            <icon>icon.png</icon>
            <fanart>fanart.jpg</fanart>
        </assets>
    </extension>
</addon>