﻿<?xml version="1.0" encoding="UTF-8" standalone="yes"?>
<addon id="plugin.video.jiraia" name="Jiraya 24hrs" version="1.0.0" provider-name="Kodish MC">
  <requires>
    <import addon="xbmc.python" version="2.1.0"/>
    <import addon="script.module.addon.common" version="2.0.0"/>
  </requires>
	
  <extension point="xbmc.python.pluginsource" library="default.py">
    <provides>video</provides>
  </extension>
	
  <extension point="xbmc.addon.metadata">
    <summary lang="en">Jiraya 24hrs</summary>
    <description lang="en">Jiraya 24hrs</description>
    <platform>all</platform>
    <forum></forum>
    <website></website>
  </extension>
</addon>
