<?xml version="1.0" encoding="UTF-8" standalone="yes"?>
<addon id="plugin.video.cuv" name="Canal Universo Virtual" version="1.0.0" provider-name="kodish-mc">
  <requires>
    <import addon="xbmc.python" version="2.1.0"/>
    <import addon="script.module.addon.common" version="2.0.0"/>
    <import addon="plugin.video.youtube" version="5.0.0"/>
  </requires>
  
  <extension point="xbmc.python.pluginsource" library="default.py">
    <provides>video</provides>
  </extension>
  
  <extension point="xbmc.addon.metadata">
    <summary lang="en">Canal Universo Virtual</summary>
    <description lang="en">Assista os vídeos do canal Canal Universo Virtual.</description>
    <platform>all</platform>
    <forum></forum>
    <website></website>
  </extension>
</addon>
