<?xml version="1.0" encoding="UTF-8" standalone="yes"?>
<addon id="plugin.video.for-man" name="[COLOR yellow]GSF ADULTOS[/COLOR]" version="1.0.0" provider-name="GSF Tutoriais e Kodish MC">
  <requires>
    <import addon="xbmc.python" version="2.1.0"/>
  </requires>
  <extension point="xbmc.python.pluginsource" library="default.py">
        <provides>video</provides>
  </extension>
  <extension point="xbmc.addon.metadata">
    <summary lang="en">[COLOR yellow]GSF ADULTOS[/COLOR]</summary>
    <description lang="en">[COLOR yellow]GSF ADULTOS[/COLOR]</description>
    <platform>all</platform>
  </extension>
</addon>
