<?xml version="1.0" encoding="UTF-8" standalone="yes"?>
<addon id="plugin.video.picapaun" name="Pica Pau TV" version="2.0.0" provider-name="kodish-mc">
  <requires>
    <import addon="xbmc.python" version="2.1.0"/>
	<import addon="repository.xbmc-israel" />
  </requires>
  <extension point="xbmc.python.pluginsource" library="default.py">
        <provides>video</provides>
  </extension>
  <extension point="xbmc.addon.metadata">
    <summary lang="en">Addon de desenhos do Pica Pau</summary>
    <description lang="en">Addon de desenhos do Pica Pau</description>
    <platform>all</platform>
  </extension>
</addon>
