<?xml version="1.0" encoding="UTF-8" standalone="yes"?>
<addon id="repository.dreamworld" name="[COLOR aqua][B]dream[/B][/COLOR] [COLOR white][B]world[/B][/COLOR] [COLOR aqua][B]iptv[/B][/COLOR]" version="2.1" provider-name="zj">
	<extension point="xbmc.addon.repository" name="VietKodi Addon Repository">
		<info compressed="false">https://empyrean-hull.000webhostapp.com/Plugins/addons.xml</info>
		<checksum>https://empyrean-hull.000webhostapp.com/Plugins/addons.xml.md5</checksum>
		<datadir zip="true">https://empyrean-hull.000webhostapp.com/Plugins/</datadir>
	</extension>
	<extension point="xbmc.addon.metadata">
		<summary>Live tv and sports agenda</summary>
		<description>Attention Some group does not have the authorization to write this addon
In any build or repository.
If you are seeing streams of this addon without the installation of the same one because it was copied
This addon belongs to the world iptv group of the poor
Enjoy</description>
		<platform>all</platform>
	</extension>
</addon>
