﻿<?xml version="1.0" encoding="UTF-8" standalone="yes"?>
<addon id="repo.vikings" name="[B][COLOR yellow].Vikings  [COLOR orange]Repo[/B][/COLOR]" version="1.00" provider-name="VikingsBuilds">">
	<requires>
    <import addon="xbmc.python" version="2.1.0"/>
    <import addon="script.module.beautifulsoup" version="3.2.1"/>
    <import addon="script.module.simple.downloader" version="0.9.4"/>
    <import addon="script.module.t0mm0.common" version="2.0.0"/>
    <import addon="script.module.beautifulsoup4" />
    <import addon="script.module.requests" />
    <import addon="script.module.httplib2" />
    <import addon="script.module.simple.downloader" version="0.9.4"/>
    <import addon="plugin.video.youtube" version="5.2.1" />
    <import addon="script.module.urlresolver" />
    <import addon="script.module.simplejson" />    
    <import addon="script.module.livestreamer"/>
    <import addon="script.module.pyamf"/>
    <import addon="script.common.plugin.cache" version="2.5.2"/>
    <import addon="script.module.metahandler" version="2.5.1"/>
	<import addon="script.module.addon.common" />
	<import addon="script.module.addon.signals" version="0.0.1"/>
	<import addon="script.module.youtube.dl"/>
	
  </requires>
  <extension point="xbmc.addon.repository" name="Demonstration Add-on Repository">
		<info compressed="false">http://raw.github.com/vikingsbuild/repo.vikings/master/addons.xml</info>
		<checksum>http://raw.github.com/vikingsbuild/repo.vikings/master/addons.xml.md5</checksum>
		<datadir zip="true">http://raw.github.com/vikingsbuild/repo.vikings/master/addons/</datadir>
	</extension>
	<extension point="xbmc.addon.metadata">
		<summary>Repositorio Vikings</summary>
		<description>Repositorio oficial Vikings Build - Proibido reproducao sem previa autorizacao</description>
		<disclaimer></disclaimer>
		<platform>all</platform>
	</extension>
</addon>