<?xml version="1.0" encoding="UTF-8" standalone="yes"?>
<addon id="plugin.video.Lexdan_Filmes"
       name="[COLOR blue][I][B]LEXDAN FILMES[/B][/I][/COLOR]"
       version="[COLOR green][B]0.0.1 DATE 30-01-2017[/COLOR][/B]"
       provider-name="[COLOR green][B] LEXDAN [/COLOR][/B]">
  <requires>
    <import addon="xbmc.python" version="2.1.0"/>
    <import addon="script.module.requests"/>
    <import addon="script.module.beautifulsoup4" version="4.3.1"/>
    <import addon="script.module.urlresolver"/>
     

  </requires>
  <extension point="xbmc.python.pluginsource" library="Lexdan_Filmes.py">
    <provides>video</provides>
  </extension>
  <extension point="xbmc.addon.metadata">
    <summary lang="en">LEXDAN GOLD </summary>
    <description lang="en">Assistir Filmes Online
</description>
    <platform>all</platform>
  </extension>
</addon>
