<?xml version="1.0" encoding="UTF-8" standalone="yes"?>
<addon id="plugin.video.sccadevc" name="Scooby Doo Cade Vc 24 hrs" version="1.0.0" provider-name="Kodi 4Kids Br">
  <requires>
    <import addon="xbmc.python" version="2.1.0"/>
    <import addon="script.module.addon.common" version="2.0.0"/>
    <import addon="plugin.video.youtube" version="5.0.0"/>
  </requires>
	
  <extension point="xbmc.python.pluginsource" library="default.py">
    <provides>video</provides>
  </extension>
	
  <extension point="xbmc.addon.metadata">
    <summary lang="en">Scooby Doo Cade Vc 24 hrs</summary>
    <description lang="en">Addons do Scooby Doo Cade Vc são 24 hrs de programacao</description>
    <platform>all</platform>
    <forum></forum>
    <website></website>
  </extension>
</addon>
