﻿<?xml version="1.0" encoding="UTF-8" standalone="yes"?>
<addon id="plugin.video.CountryBox" name="[B][COLOR blue]Coun[/COLOR][/B][B][COLOR white]try[/COLOR][/B][B][COLOR red]Box[/COLOR][/B]" version="1.0.0" provider-name="Kodishmc">
  <requires>
    <import addon="xbmc.python" version="2.1.0"/>
    <import addon="script.module.addon.common" version="2.0.0"/>
    <import addon="plugin.video.youtube" version="5.0.0"/>
  </requires>
	
  <extension point="xbmc.python.pluginsource" library="default.py">
    <provides>video</provides>
  </extension>
	
  <extension point="xbmc.addon.metadata">
    <summary lang="en">[B][COLOR blue]Coun[/COLOR][/B][B][COLOR white]try[/COLOR][/B][B][COLOR red]Box[/COLOR][/B]</summary>
    <description lang="en">Coletanea de musicas country completas do Youtube</description>
    <platform>all</platform>
    <forum></forum>
    <website></website>
  </extension>
</addon>
