
 <channels>
 <channel>
 <name>Ao Vivo</name>
 <thumbnail>https://www.wtjtvminas.com.br/images/galeria/23042019/o_1d9418okh1uvt1ispji6pe6cn13.png</thumbnail>
 <externallink>https://raw.githubusercontent.com/kodishmediacenter/tvwjva/master/stream</externallink>
 <fanart>http://www.seriados.tv.br/wp-content/uploads/2012/08/fdp_23082012_.jpg</fanart>
 <info></info>
 </channel>
 </channels>

 <channels>
 <channel>
 <name>Filmes Lancamentos Max Torrents</name>
 <thumbnail></thumbnail>
 <externallink>https://raw.githubusercontent.com/kodishmediacenter/fabiotorrents/master/max-lancamentos.txt</externallink>
 <fanart>http://www.seriados.tv.br/wp-content/uploads/2012/08/fdp_23082012_.jpg</fanart>
 <info></info>
 </channel>
 </channels>

 
 <channels>
 <channel>
 <name>Miraculus Ladybug</name>
 <thumbnail>https://cdn140.picsart.com/297718414293201.jpg?r1024x1024</thumbnail>
 <externallink>https://raw.githubusercontent.com/kodishmediacenter/omega/master/miraculus/miraculus-srv1.m3u</externallink>
 <fanart>https://i.ytimg.com/vi/lw_nERF_sZE/maxresdefault.jpg</fanart>
 <info></info>
 </channel>
 </channels>

 <channels>
 <channel>
 <name>Lista TV</name>
 <thumbnail>https://raw.githubusercontent.com/kodishmediacenter/omega/master/srv/iptv.png</thumbnail>
 <externallink>https://raw.githubusercontent.com/kodishmediacenter/omega/master/lista-teste.xml</externallink>
 <fanart>https://spinoff.com.br/wp-content/uploads/watch-free-iptv-online-with-tablet-pc-smartphone-laptop-tv.jpg</fanart>
 <info></info>
 </channel>
 </channels>

 <channels>
 <channel>
 <name>Canal Ricos</name>
 <thumbnail>https://minharadioonline.net/sites/canalricos.com.br/images/logo/logo600.png</thumbnail>
 <externallink>https://raw.githubusercontent.com/kodishmediacenter/omega/master/canalricos.xml</externallink>
 <fanart>https://minharadioonline.net/sites/canalricos.com.br/images/summer/user_361699735.jpg</fanart>
 <info></info>
 </channel>
 </channels>
