
 <channels>
 <channel>
 <name>Scooby-Doo</name>
 <thumbnail>https://raw.githubusercontent.com/kodishmediacenter/omega/master/scooby-doo/scooby-doo-4.jpg</thumbnail>
 <externallink>https://raw.githubusercontent.com/kodishmediacenter/omega/master/scooby-doo/main.txt</externallink>
 <fanart>https://raw.githubusercontent.com/kodishmediacenter/omega/master/scooby-doo/painel-1-50x1-scooby-doo-painel.jpg</fanart>
 <info>Coleção completa de Scooby-Doo</info>
 </channel>
 </channels>

 <channels>
 <channel>
 <name>CBLOL 2021</name>
 <thumbnail>https://i2.wp.com/cloud.estacaonerd.com/wp-content/uploads/2020/10/02144008/cblol.jpg</thumbnail>
 <externallink>https://raw.githubusercontent.com/kodishmediacenter/omega/master/cblol</externallink>
 <fanart>http://www.seriados.tv.br/wp-content/uploads/2012/08/fdp_23082012_.jpg</fanart>
 <info></info>
 </channel>
 </channels>

 <channels>
 <channel>
 <name>Teste 24</name>
 <thumbnail></thumbnail>
 <externallink>https://raw.githubusercontent.com/kodishmediacenter/omega/master/teste24</externallink>
 <fanart>http://www.seriados.tv.br/wp-content/uploads/2012/08/fdp_23082012_.jpg</fanart>
 <info></info>
 </channel>
 </channels>

 <channels>
 <channel>
 <name>Lista 24b</name>
 <thumbnail></thumbnail>
 <externallink>https://raw.githubusercontent.com/kodishmediacenter/omega/master/teste24b</externallink>
 <fanart>http://www.seriados.tv.br/wp-content/uploads/2012/08/fdp_23082012_.jpg</fanart>
 <info></info>
 </channel>
 </channels>

 <channels>
 <channel>
 <name>Lista DWT</name>
 <thumbnail>https://e7.pngegg.com/pngimages/406/997/png-clipart-siberian-husky-black-wolf-wall-decal-others-white-mammal.png</thumbnail>
 <externallink>https://raw.githubusercontent.com/kodishmediacenter/omega/master/dwt/main.txt</externallink>
 <fanart>https://i.imgur.com/QIvFo82.jpg</fanart>
 <info></info>
 </channel>
 </channels>



 <channels>
 <channel>
 <name>Hidra Tuxedo Rework</name>
 <thumbnail></thumbnail>
 <externallink>https://raw.githubusercontent.com/kodishmediacenter/Rework-hidra/main/gdata.txt</externallink>
 <fanart>http://www.seriados.tv.br/wp-content/uploads/2012/08/fdp_23082012_.jpg</fanart>
 <info></info>
 </channel>
 </channels>



