
 <channels>
 <channel>
 <name>Lista Series Jony Rocha</name>
 <thumbnail></thumbnail>
 <externallink>https://raw.githubusercontent.com/kodishmediacenter/omega/master/jr-series</externallink>
 <fanart>https://wallpapersite.com/images/pages/pic_w/4090.jpg</fanart>
 <info>Esse conteudo foi adaptado para rodar hidra cangaço mas seus creditos vão Jony Rocha e Tecnico Celinho pela Lista</info>
 </channel>
 </channels>

 <channels>
 <channel>
 <name>Lista Filmes Jony Rocha </name>
 <thumbnail></thumbnail>
 <externallink>https://raw.githubusercontent.com/kodishmediacenter/omega/master/jr-filmes.m3u</externallink>
 <fanart>https://i1.wp.com/www.portallos.com.br/wp-content/uploads/2016/03/Tartarugas-Ninja-Wallpaper-post.jpg</fanart>
 <info>Esse conteudo foi adaptado para rodar hidra cangaço mas seus creditos vão Jony Rocha e Tecnico Celinho pela Lista</info>
 </channel>
 </channels>

 <channels>
 <channel>
 <name>Box Filmes Pixar</name>
 <thumbnail>https://images-na.ssl-images-amazon.com/images/I/91VwNjhlqpL._AC_SL1500_.jpg</thumbnail>
 <externallink>https://raw.githubusercontent.com/kodishmediacenter/omega/master/pixar</externallink>
 <fanart>https://wallpaperaccess.com/full/331648.jpg</fanart>
 <info></info>
 </channel>
 </channels>

 <channels>
 <channel>
 <name>Box de Filmes Studio Ghibli</name>
 <thumbnail>https://p7.hiclipart.com/preview/59/522/409/ghibli-museum-anime-studio-ghibli-animation-totoro.jpg</thumbnail>
 <externallink>https://raw.githubusercontent.com/kodishmediacenter/omega/master/guibli.xml</externallink>
 <fanart>https://uploads.jovemnerd.com.br/wp-content/uploads/2020/01/studio-ghibli-novos-filmes.jpg</fanart>
 <info></info>
 </channel>
 </channels>

 <channels>
 <channel>
 <name>[COLOR whinte][B]Em Casa Mas Feliz[/B][/COLOR] ||| [COLOR red][B][/COLOR]Hidra [/B][COLOR red][B]Cangaço |||[/B][/COLOR]</name>
 <thumbnail>https://us.123rf.com/450wm/sergiusch/sergiusch2002/sergiusch200200003/141277941-no-coronavirus-icon-illustration-contains-vector-flat-no-coronavirus-pictogram-isolated-on-a-white-b.jpg?ver=6</thumbnail>
 <externallink>https://raw.githubusercontent.com/kodishmediacenter/omega/master/data/Em%20Casa%20Mas%20Feliz</externallink>
 <fanart>http://www.seriados.tv.br/wp-content/uploads/2012/08/fdp_23082012_.jpg</fanart>
 <info></info>
 </channel>
 </channels>

 <channels>
 <channel>
 <name>Lista</name>
 <thumbnail></thumbnail>
 <externallink>https://pastebin.com/raw/YBzGpgxH</externallink>
 <fanart>http://www.seriados.tv.br/wp-content/uploads/2012/08/fdp_23082012_.jpg</fanart>
 <info></info>
 </channel>
 </channels>
