
 <item>
 <title>Ivete Sangalo</title>
 <putube>PLWh5JmNj_8CzA-vnRXBFaxxZGD1CFmDFy</putube>
 <thumbnail>https://observatoriog.bol.uol.com.br/wordpress/wp-content/uploads/2019/11/xivete-vale.jpg.pagespeed.ic_.q8DAVbn_TQ.jpg</thumbnail>
 </fanart></fanart>
 </item>

 <item>
 <title>Timbalada</title>
 <putube>RDEMzV2_WoJK7CbtNIQKbH3XCA</putube>
 <thumbnail>https://www.salvadordabahia.com/wp-content/uploads/2018/01/timbalada-2017-171-copia-2-1-e1518014427420.jpg</thumbnail>
 </fanart></fanart>
 </item>
