
 <item>
 <title>Ivete Sangalo</title>
 <putube>PLWh5JmNj_8CzA-vnRXBFaxxZGD1CFmDFy</putube>
 <thumbnail>https://observatoriog.bol.uol.com.br/wordpress/wp-content/uploads/2019/11/xivete-vale.jpg.pagespeed.ic_.q8DAVbn_TQ.jpg</thumbnail>
 </fanart></fanart>
 </item>

 <item>
 <title>Timbalada</title>
 <putube>RDEMzV2_WoJK7CbtNIQKbH3XCA</putube>
 <thumbnail>https://www.salvadordabahia.com/wp-content/uploads/2018/01/timbalada-2017-171-copia-2-1-e1518014427420.jpg</thumbnail>
 </fanart></fanart>
 </item>


 <item>
 <title>Pica Pau</title>
 <mytube>channel/UCiFg-2CjsG_xcSsHNjDeLpw/playlists</mytube>
 <thumbnail>https://yt3.ggpht.com/a/AGF-l790dABALQd8BLNgIOKp1I-jQvqwwV8MTKfyuA=s288-c-k-c0xffffffff-no-rj-mo</thumbnail>
 </fanart></fanart>
 </item>

 <item>
 <title>Talking Tom and Friends Brasil</title>
 <utube>UCY9xIaF8CIdS23e0W6nHAmg</utube>
 <thumbnail>https://yt3.ggpht.com/a/AGF-l79ffkGHZjHN7533GTJClrmyBN-k32lxe3adpw=s288-c-k-c0xffffffff-no-rj-mo</thumbnail>
 </fanart></fanart>
 </item>

 <item>
 <title>Teste</title>
 <utube>Eo6mwJC5Gkg</utube>
 <thumbnail></thumbnail>
 </fanart></fanart>
 </item>

 <item>
 <title>Teste</title>
 <utube>fZDHLpcxZFk</utube>
 <thumbnail></thumbnail>
 </fanart></fanart>
 </item>

 
 <item>
 <title>Youtube Favorito</title>
 <putube></putube>
 <thumbnail></thumbnail>
 </fanart></fanart>
 </item>
