
 <item>
 <title>Brasil Hotlist</title>
 <utube>RDCLAK5uy_kvnwY7lh8VQkr7uLLsFPB06mhIwKAljbE</utube>
 <thumbnail></thumbnail>
 </fanart></fanart>
 </item>

 <item>
 <title>24/7 Online K-POP IDOL Channel [ALL THE K-POP]</title>
 <mytube>channel/UCPde4guD9yFBRzkxk2PatoA/live</mytube>
 <thumbnail></thumbnail>
 </fanart></fanart>
 </item>
 
 <item>
 <title>24/7 Online K-POP IDOL Channel [ALL THE K-POP]</title>
 <mytube>channel/UCPde4guD9yFBRzkxk2PatoA/live</mytube>
 <thumbnail></thumbnail>
 </fanart></fanart>
 </item>
