
 <channels>
 <channel>
 <name>Listao Brinde 7k</name>
 <thumbnail></thumbnail>
 <externallink>https://raw.githubusercontent.com/kodishmediacenter/omega/master/data/extra-brinde</externallink>
 <fanart></fanart>
 <info></info>
 </channel>
 </channels>

 <channels>
 <channel>
 <name>Lista Series Stanbox</name>
 <thumbnail></thumbnail>
 <externallink>https://gitlab.com/Slimshadycold/series/raw/master/series.m3u8</externallink>
 <fanart></fanart>
 <info></info>
 </channel>
 </channels>

<channels>
 <channel>
 <name>Canal Ricos</name>
 <thumbnail>https://minharadioonline.net/sites/canalricos.com.br/images/logo/logo600.png</thumbnail>
 <externallink>https://raw.githubusercontent.com/kodishmediacenter/omega/master/canalricos.xml</externallink>
 <fanart>https://minharadioonline.net/sites/canalricos.com.br/images/summer/user_361699735.jpg</fanart>
 <info></info>
 </channel>
 </channels>