
 <channels>
 <channel>
 <name>Listao Brinde 7k</name>
 <thumbnail></thumbnail>
 <externallink>https://raw.githubusercontent.com/kodishmediacenter/omega/master/data/extra-brinde</externallink>
 <fanart></fanart>
 <info></info>
 </channel>
 </channels>

 <channels>
 <channel>
 <name>Lista Series Stanbox</name>
 <thumbnail></thumbnail>
 <externallink>https://gitlab.com/Slimshadycold/series/raw/master/series.m3u8</externallink>
 <fanart></fanart>
 <info></info>
 </channel>
 </channels>

<channels>
 <channel>
 <name>Canal Ricos</name>
 <thumbnail>https://minharadioonline.net/sites/canalricos.com.br/images/logo/logo600.png</thumbnail>
 <externallink>https://raw.githubusercontent.com/kodishmediacenter/omega/master/canalricos.xml</externallink>
 <fanart>https://minharadioonline.net/sites/canalricos.com.br/images/summer/user_361699735.jpg</fanart>
 <info></info>
 </channel>
 </channels>
 
 
 </channels> <channels> <channel> <name>COLDPLAY </name> <thumbnail>https://image.ibb.co/mqmRi8/capa1.png</thumbnail> <externallink>https://pastebin.com/raw/GWBRPRLD</externallink> <fanart>https://i.pinimg.com/originals/11/66/42/116642e0d3584ebcd26a89cac1c3551c.jpg</fanart> <info></info> </channel> </channels> <channels>
 <channel> <name>Meus Flash Back Favorito</name> <thumbnail>http://images.suaradioonline.com.br/imagens/radios/1506644564.png</thumbnail> <externallink>https://pastebin.com/raw/qHkntmSv</externallink> <fanart>http://www.seriados.tv.br/wp-content/uploads/2012/08/fdp_23082012_.jpg</fanart> <info></info> </channel> </channels>
 <channels> <channel> <name>Vagalume FM</name> <thumbnail>https://pbs.twimg.com/profile_images/777919722155286530/nEp71aZx_400x400.jpg</thumbnail> <externallink>https://pastebin.com/raw/frWpUf0j</externallink> <fanart>https://api.vagalume.com.br/images/fundo-claro/1638-fundo-claro.jpg</fanart> <info>Radios do Vagalume</info> </channel></channels>


<channel>
<name>So Classicos</name>
<thumbnail>https://ia601502.us.archive.org/23/items/Icon1_20180430/icon[1].jpg</thumbnail>
<externallink>https://raw.githubusercontent.com/kodishmediacenter/store/master/virtualaddon/So%20Classicos/base.txt</externallink>
<fanart>http://www.guoguiyan.com/data/out/56/68663714-disco-wallpapers.jpg</fanart>
<info></info>
</channel>
</channels> <channels>
 </channels>
 <channels>
 <channel>
 <name>Lista Series Jony Rocha</name>
 <thumbnail></thumbnail>
 <externallink>https://raw.githubusercontent.com/kodishmediacenter/omega/master/jr-series</externallink>
 <fanart>https://wallpapersite.com/images/pages/pic_w/4090.jpg</fanart>
 <info>Esse conteudo foi adaptado para rodar hidra cangaço mas seus creditos vão Jony Rocha e Tecnico Celinho pela Lista</info>
 </channel>
 </channels>

 <channels>
 <channel>
 <name>Lista Filmes Jony Rocha </name>
 <thumbnail></thumbnail>
 <externallink>https://raw.githubusercontent.com/kodishmediacenter/omega/master/jr-filmes.m3u</externallink>
 <fanart>https://i1.wp.com/www.portallos.com.br/wp-content/uploads/2016/03/Tartarugas-Ninja-Wallpaper-post.jpg</fanart>
 <info>Esse conteudo foi adaptado para rodar hidra cangaço mas seus creditos vão Jony Rocha e Tecnico Celinho pela Lista</info>
 </channel>
 </channels>
 
 <channels>
 <channel>
 <name>Box Filmes Pixar</name>
 <thumbnail>https://images-na.ssl-images-amazon.com/images/I/91VwNjhlqpL._AC_SL1500_.jpg</thumbnail>
 <externallink>https://raw.githubusercontent.com/kodishmediacenter/omega/master/pixar</externallink>
 <fanart>https://wallpaperaccess.com/full/331648.jpg</fanart>
 <info></info>
 </channel>
 </channels> 
  
<channels>
 <channel>
 <name>Ultraman</name>
 <thumbnail>https://http2.mlstatic.com/serie-ultraman-hayata-dvd-dublado-completo-D_NQ_NP_163221-MLB20750828787_062016-F.jpg</thumbnail>
 <externallink>https://pastebin.com/raw/pQXK5YmT</externallink>
 <fanart>http://www.seriados.tv.br/wp-content/uploads/2012/08/fdp_23082012_.jpg</fanart>
 <info></info>
 </channel>
 </channels>

 <channels>
 <channel>
 <name>Star Track</name>
 <thumbnail>http://webtvcde.com/Series/Star.Trek.3/Star.Trek.3.jpg</thumbnail>
 <externallink>https://pastebin.com/raw/fyAUQhgA</externallink>
 <fanart>http://www.seriados.tv.br/wp-content/uploads/2012/08/fdp_23082012_.jpg</fanart>
 <info></info>
 </channel>
 </channels>