﻿<?xml version="1.0" encoding="UTF-8" standalone="yes"?>
<addon id="repository.kodishteam" name="[COLOR green][B]Kodish[/COLOR][COLOR yellow]Team Repository[/B][/COLOR]" version="1.0" provider-name="Kodish MC">
	<extension point="xbmc.addon.repository" name="kractosbr repository">
		<info compressed="false">http://kodishmc.xyz/kch/addons.xml</info>
		<checksum>http://kodishmc.xyz/kch/addons.xml.md5</checksum>
		<datadir zip="true">http://kodishmc.xyz/kch/install</datadir>
	</extension>
	<extension point="xbmc.addon.metadata">
		<summary>Kodish Team</summary>
		<description>Kodish Team Hack</description>
		<disclaimer></disclaimer>
		<platform>all</platform>
	</extension>
</addon>