<?xml version="1.0" encoding="UTF-8" standalone="yes"?>
<addon id="plugin.video.Nerd News" name="Nerd News" version="1.0.0" provider-name="Marcio Candido">
  <requires>
    <import addon="xbmc.python" version="2.1.0"/>
    <import addon="script.module.addon.common" version="2.0.0"/>
    <import addon="plugin.video.youtube" version="5.0.0"/>
  </requires>
	
  <extension point="xbmc.python.pluginsource" library="default.py">
    <provides>video</provides>
  </extension>
	
  <extension point="xbmc.addon.metadata">
    <summary lang="en">Nerd News</summary>
    <description lang="en">Addon do Canal Nerd News Tudo sobre filmes, games, quadrinhos e séries você encontra aqui! </description>
    <platform>all</platform>
    <forum></forum>
    <website></website>
  </extension>
</addon>
