﻿<?xml version="1.0" encoding="UTF-8" standalone="yes"?>
<addon id="sapo.repository" name="Sapo TV Repo" version="1.0.0" provider-name="Claudiomar JS">
	<extension point="xbmc.addon.repository" name="Kodish Repository">
		<info compressed="false">https://raw.githubusercontent.com/kodishmediacenter/store/master/sapo/sapo-repo/addons.xml</info>
		<checksum>https://raw.githubusercontent.com/kodishmediacenter/store/master/sapo/sapo-repo/addons.xml.md5</checksum>
		<datadir zip="true">https://raw.githubusercontent.com/kodishmediacenter/store/master/sapo/sapo-repo/repo/</datadir>
	</extension>
	<extension point="xbmc.addon.metadata">
		<summary>Repositorio Do Sapo</summary>
		<description>Repositorio Oficial do Sapo TV</description>
		<disclaimer></disclaimer>
		<platform>all</platform>
	</extension>
</addon>