<?xml version="1.0" encoding="UTF-8" standalone="yes"?>
<addon id="plugin.video.TorrentBR"
       name="-[COLOR white]-=[/COLOR][COLOR green]Torrent[/COLOR][COLOR gold]BR[/COLOR][COLOR white]=-[/COLOR]-"
       version="10.1.23"
       provider-name="[I][COLOR yellow]TW[/COLOR][COLOR lime]Tutoriais[/COLOR][/I]">
  <requires>
    <import addon="xbmc.python" version="2.1.0"/>
	<import addon="script.module.t0mm0.common" version="2.0.0"/>
    <import addon="script.module.beautifulsoup" version="3.2.1"/>
    <import addon="script.module.simple.downloader" version="0.9.4"/>
    <import addon="script.module.beautifulsoup4"/>
    <import addon="script.module.simple.downloader" version="0.9.4"/>
    <import addon="script.module.requests" />
    <import addon="script.module.httplib2" />
    <import addon="script.module.youtube.dl" optional="true"/>
    <import addon="script.module.simplejson" /> 
    <import addon="script.common.plugin.cache" version="2.5.2"/>
    <import addon="script.module.metahandler" version="2.5.1"/>
			
  </requires>
  <extension point="xbmc.python.pluginsource" library="default.py">
    <provides>video</provides>
  </extension>
  <extension point="xbmc.addon.metadata">
    <summary lang="en">ESTAMOS DE VOLTA, O MAIOR E MELHOR ADDON TORRENT VOLTOU - COM EXCLUSIVIDADE NA [COLOR white].[/COLOR][COLOR mediumblue]MEGA[/COLOR][COLOR lime]REPO[/COLOR][COLOR yellow] TWTutoriais[/COLOR]
[COLOR lime]Addon EXCLUSIVO [COLOR white].[/COLOR][COLOR mediumblue]MEGA[/COLOR][COLOR lime]REPO[/COLOR][COLOR yellow] TWTutoriais[/COLOR][/COLOR]
Não baixe Add-ons que não sejam Oficial, Add-ons Oficiais somente na [COLOR white].[/COLOR][COLOR mediumblue]MEGA[/COLOR][COLOR lime]REPO[/COLOR][COLOR yellow] TWTutoriais[/COLOR].
NOVO [COLOR white]-=[/COLOR][COLOR green]Torrent[/COLOR][COLOR gold]BR[/COLOR][COLOR white]=-[/COLOR]
[COLOR gold]Todos CRÉDITOS Reservado ao RUDY [/COLOR]</summary>
    <description lang="en">DIVIRTAM-SE COM O NOVO [COLOR white]-=[/COLOR][COLOR green]Torrent[/COLOR][COLOR gold]BR[/COLOR][COLOR white]=-[/COLOR] by [COLOR white].[/COLOR][COLOR mediumblue]MEGA[/COLOR][COLOR lime]REPO[/COLOR][COLOR yellow] TWTutoriais[/COLOR].</description>
    <platform>all</platform>
  </extension>
 <extension point="xbmc.addon.repository" name="ElementumTWTUTORIAIS">
		<info compressed="false">http://qdodasformiguinhas.site/cuzoes/cuzoes2/newup/REPOELEMENTUM/addons.xml</info>
		<checksum>http://qdodasformiguinhas.site/cuzoes/cuzoes2/newup/REPOELEMENTUM/addons.xml.md5</checksum>
		<datadir zip="true">http://qdodasformiguinhas.site/cuzoes/cuzoes2/newup/REPOELEMENTUM/Plugins/</datadir>
	</extension>
	<extension point="xbmc.addon.metadata">
		<summary>TorrentBR repository ESTAMOS DE VOLTA, O MAIOR E MELHOR ADDON TORRENT VOLTOU - COM EXCLUSIVIDADE NA [COLOR white].[/COLOR][COLOR mediumblue]MEGA[/COLOR][COLOR lime]REPO[/COLOR][COLOR yellow] TWTutoriais[/COLOR]
[COLOR lime]Addon EXCLUSIVO [COLOR white].[/COLOR][COLOR mediumblue]MEGA[/COLOR][COLOR lime]REPO[/COLOR][COLOR yellow] TWTutoriais[/COLOR][/COLOR]
Não baixe Add-ons que não sejam Oficial, Add-ons Oficiais somente na [COLOR white].[/COLOR][COLOR mediumblue]MEGA[/COLOR][COLOR lime]REPO[/COLOR][COLOR yellow] TWTutoriais[/COLOR].
NOVO [COLOR white]-=[/COLOR][COLOR green]Torrent[/COLOR][COLOR gold]BR[/COLOR][COLOR white]=-[/COLOR]
[COLOR gold]Todos CRÉDITOS Reservado ao RUDY [/COLOR]</summary>
		<description>Filmes e Séries TORRENTS - DIVIRTAM-SE COM O NOVO [COLOR white]-=[/COLOR][COLOR green]Torrent[/COLOR][COLOR gold]BR[/COLOR][COLOR white]=-[/COLOR] by [COLOR white].[/COLOR][COLOR mediumblue]MEGA[/COLOR][COLOR lime]REPO[/COLOR][COLOR yellow] TWTutoriais[/COLOR].</description>
		<disclaimer></disclaimer>
		<platform>all</platform>
	</extension>
</addon>