<?xml version="1.0" encoding="UTF-8" standalone="yes"?>
<addon id="Plugin.Executable.Newspikachu" name="[B][COLOR yellow]PIKACHU [COLOR lime] ENTRETENIMENTOS!!! NOVIDADES[/B][/COLOR]" version="A.1.0" provider-name="[B][COLOR yellow] PIKACHU [COLOR lime] ENTRETENIMENTOS !!![/COLOR][/B]">
  <requires>
  </requires>
  <extension point="xbmc.python.pluginsource" library="default.py">
    <provides>video</provides>
  </extension>
  
  	
  <extension point="xbmc.addon.metadata">
    <summary>[COLOR yellow]PIKACHU [COLOR lime] ENTRETENIMENTOS!!! NOVIDADES[/COLOR]</summary>
    <description>
       [B]Atenção:[B][I][COLOR yellow] Os conteúdos disponibilizados neste ADDON, são conteúdos retransmitidos de internet e outras plataformas digitais;[/B][/I][/COLOR] [I][B][COLOR blue]Grupo Telegram:[/B][/I][/COLOR][B][I][COLOR white][tinyurl.com/grupopikachu ][/I][/B][/COLOR][B][I][COLOR yellow] | [COLOR blue]Channel Telegram:[/B][/I][/COLOR][B][I][COLOR white][t.me/addonpikachu][/B][/I][/COLOR][B][I][COLOR lime] Visite-nos No Telegram!!![/B][/I][/COLOR]
    </description>
    <platform>all</platform>
	<icon>icon.png</icon>
	<fanart>fanart.jpg</fanart>
  </extension>
             
</addon>
