<?xml version="1.0" encoding="UTF-8" standalone="yes"?>
<addon id="plugin.video.playlistLoaderX" name="Guaximin IPTV Player" version="1.0.0" provider-name="Avigdor e Mod Guaximin IPTV">
  <requires>
    <import addon="xbmc.python" version="2.1.0"/>
  </requires>
  <extension point="xbmc.python.pluginsource" library="default.py">
        <provides>video</provides>
  </extension>
  <extension point="xbmc.addon.metadata">
    <summary lang="en">Playlist Loader X e tradicional Playlist com as Listas Embutidas</summary>
    <description lang="en">Veja IPTV Free Com esse Addon</description>
    <platform>all</platform>
  </extension>
</addon>
