<?xml version="1.0" encoding="UTF-8" standalone="yes"?>
<addon id="plugin.video.tokuflix" name="[B][COLOR white]Tokuflix[/COLOR][/B]" version="1.0" provider-name="Tokuflix e Kodish Team">
<requires>
<import addon="xbmc.python" version="2.1.0"/>
<import addon="script.module.t0mm0.common"/>
<import addon="script.module.beautifulsoup"/>
<import addon="script.module.beautifulsoup4"/>
<import addon="script.module.simple.downloader"/>
<import addon="script.module.requests"/>
<import addon="script.module.httplib2"/>
<import addon="script.module.urlresolver"/>
<import addon="script.module.simplejson"/>
<import addon="script.common.plugin.cache"/>
<import addon="script.module.metahandler"/>
</requires>
<extension point="xbmc.python.pluginsource" library="default.py">
<provides>video</provides>
</extension>
<extension point="xbmc.addon.metadata">
<summary>[B][COLOR white]Tokuflix[/COLOR][/B]</summary>
<description>[B][COLOR white]O Melhor Site Tokusatsu agora no seu Kodi[/COLOR][/B]</description>
<disclaimer></disclaimer>
<news></news>
<platform>all</platform>
<assets>
<icon>icon.png</icon>
<fanart>fanart.jpg</fanart>
<screenshot>resources/screenshots/home.jpg</screenshot>
<screenshot>resources/screenshots/movies.jpg</screenshot>
<screenshot>resources/screenshots/series.jpg</screenshot>
</assets>
</extension>
</addon>