﻿<?xml version="1.0" encoding="UTF-8" standalone="yes"?>
<addon id="plugin.video.flechanegra"
       name="[COLOR red]FLECHA NEGRA[/COLOR]"
       version="1.0"
       provider-name="Flecha">
  <requires>
    <import addon="xbmc.python" version="2.1.0"/>
	<import addon="script.module.t0mm0.common" version="2.0.0"/>
    <import addon="script.module.beautifulsoup" version="3.2.1"/>
    <import addon="script.module.simple.downloader" version="0.9.4"/>
    <import addon="script.module.beautifulsoup4"/>
    <import addon="script.module.simple.downloader" version="0.9.4"/>
    <import addon="script.module.requests" />
    <import addon="script.module.httplib2" />
    <import addon="script.module.youtube.dl" optional="true"/>
    <import addon="plugin.video.youtube" version="3.0.0"/>
    <import addon="script.module.urlresolver"/>
    <import addon="script.module.simplejson" /> 
    <import addon="script.common.plugin.cache" version="2.5.2"/>
    <import addon="script.module.metahandler" version="2.5.1"/>
	<import addon="script.module.livestreamer" optional="true"/>
	
  </requires>
  <extension point="xbmc.python.pluginsource" library="default.py">
    <provides>video</provides>
  </extension>
  <extension point="xbmc.addon.metadata">
        <summary lang="en">[[COLORorange][B]Flecha Negra é um addon da familia Kodiazor Team.TODOS OS LINKS ESTÃO DISPONIVEIS NA INTERNET![/COLOR][/B]</summary>
        <description lang="en">[COLORorange][B]Flecha Negra é um addon da familia Kodiazor Team.TODOS OS LINKS ESTÃO DISPONIVEIS NA INTERNET![/COLOR][/B]</description>
    <platform>all</platform>
  </extension>
  	<extension point="xbmc.addon.repository" name="ike repo">
		<info compressed="false">http://kodiazorteam.website/Repo%20Kodiazor/plugins/addons.xml</info>
		<checksum>http://kodiazorteam.website/Repo%20Kodiazor/plugins/addons.xml.md5</checksum>
		<datadir zip="true">http://kodiazorteam.website/Repo%20Kodiazor/plugins</datadir>
	</extension>
	<extension point="xbmc.addon.metadata">
		<summary>Kodiazor.Repo</summary>
		<description>Kodiazor.Repo</description>
		<platform>all</platform>
	</extension>
</addon>
