<?xml version="1.0" encoding="UTF-8" standalone="yes"?>
<addon id="plugin.video.pikachu"
       name="[B][I][COLOR goldenrod]PIKACHU [COLOR forestgreen] ENTRETENIMENTOS!!![/B][/I][/COLOR]"
       version="6.0"
       provider-name="[B][I][COLOR goldenrod]PIKACHU [COLOR forestgreen] ENTRETENIMENTOS!!![/B][/I][/COLOR]">
  <requires>
    <import addon="xbmc.python" version="2.1.0"/>
    <import addon="script.module.beautifulsoup" version="3.2.1"/>
    <import addon="script.module.simple.downloader" version="0.9.4"/>
    <import addon="script.module.beautifulsoup4" />
    <import addon="script.module.requests" />
    <import addon="script.module.httplib2" />
    <import addon="script.module.liveresolver" version="0.1.24" optional="true"/>
    <import addon="script.module.youtube.dl" optional="true"/>
    <import addon="plugin.video.youtube" optional="true" /> 
    <import addon="plugin.video.SportsDevil" optional="true" />
    <import addon="script.module.urlresolver" optional="true"/>
    <import addon="script.module.simplejson" />    
    <import addon="script.module.livestreamer" optional="true"/>
    <import addon="script.module.pyamf" optional="true"/>
  </requires>
  <extension point="xbmc.python.pluginsource" library="Pikachu.py">
    <provides>video</provides>
  </extension>

    <extension point="xbmc.addon.metadata">
    <summary>[COLOR goldenrod]PIKACHU [COLOR forestgreen] ENTRETENIMENTOS!!![/COLOR]</summary>
    <description>
       [B]Atenção[/B]:[B][I][COLOR goldenrod] Os conteúdos disponibilizados neste ADDON, são conteúdos retransmitidos de internet e outras plataformas digitais;[/B][/I][/COLOR] [I][B][COLOR blue]Grupo Telegram:[/B][/I][/COLOR][B][I][COLOR white][ http://bit.ly/Pikachugrupo ][/I][/B][/COLOR][B][I][COLOR goldenrod] | [/B][/I][/COLOR][I][B][COLOR blue]Channel Telegram:[/B][/I][/COLOR][B][I][COLOR white][ http://bit.ly/pikachucanal ][/B][/I][/COLOR][B][I][COLOR forestgreen] Visite-nos No Telegram!!![/B][/I][/COLOR]
    </description>
    <platform>all</platform>
<reuselanguageinvoker>true</reuselanguageinvoker>
<assets>
<icon>icon.png</icon>
<fanart>fanart.jpg</fanart>
<screenshot>resources/screenshots/home.jpg</screenshot>
<screenshot>resources/screenshots/01.jpg</screenshot>
<screenshot>resources/screenshots/02.jpg</screenshot>
<screenshot>resources/screenshots/03.jpg</screenshot>
<screenshot>resources/screenshots/04.jpg</screenshot>
<screenshot>resources/screenshots/05.jpg</screenshot>
<screenshot>resources/screenshots/06.jpg</screenshot>
</assets>
</extension>
</addon>
