
 <item>
 <title>Só Você</title>
 <putube>PLJ78kptsEKPOZuAvFhdE078LybbByKYqL</putube>
 <thumbnail>https://image.tmdb.org/t/p/original/7M30hPkE6B2dGsZj3xEmUK5jgJ0.jpg</thumbnail>
 </fanart></fanart>
 </item>



 <item>
 <title>MasterChef Brasil</title>
 <mytube>channel/UC2EWGw-KBjEReUbXMJEiaCA</mytube>
 <thumbnail>https://yt3.ggpht.com/a/AATXAJxjlGGv9kQt1Vv53PZFaPctybQFW3tWGlNVlQ=s256-c-k-c0xffffffff-no-rj-mo</thumbnail>
 </fanart></fanart>
 </item>

 <item>
 <title>Metalica Lives</title>
 <putube>PLSUn1UQk9K4icROyhQ97WicAcd41dvMo5</putube>
 <thumbnail>https://yt3.ggpht.com/a/AATXAJw0LUTJ_RUsfr8Fo_ZjoiCFZF8_kADrzajxAQ=s256-c-k-c0xffffffff-no-rj-mo</thumbnail>
 </fanart></fanart>
 </item>

 <item>
 <title>[COLOR white][B]Hoje no Mundo Militar[/B][/COLOR]</title>
 <utube>UCxDFRhF3Y1A_Gd0-cF8gbqQ</utube>
 <thumbnail>https://yt3.ggpht.com/a/AATXAJxkqgAXgDWNrpvvOhSU2CWHgHRHilGsmd613g=s256-c-k-c0xffffffff-no-rj-mo</thumbnail>
 </fanart></fanart>
 </item>
