<?xml version="1.0" encoding="UTF-8" standalone="yes"?>
<addon id="plugin.program.NordicCatsRevolts" name="[COLOR gold]Nordic[/COLOR] [COLOR orange]Cats Revolts Wizard[/COLOR]" version="4.0" provider-name="Kodish Team">
  <requires>
    <import addon="xbmc.python" version="2.1.0"/>
  </requires>
  <extension point="xbmc.python.pluginsource" library="easy.py">
    <provides>executable</provides>
  </extension>
  <extension point="xbmc.addon.metadata">
    <summary lang="pt_br">[COLOR gold]Nordic[/COLOR] [COLOR orange]Cats Revolts Wizard[/COLOR]</summary>
    <description lang="pt_br">Instalador hibrido Cats Revolts Wizard setup</description>
    <platform>all</platform>
  </extension>
</addon>