<?xml version="1.0" encoding="UTF-8" standalone="yes"?>
<addon id="repository.HenriqueLista" name="Henrique Lista PLAY Repository" version="1.0.0" provider-name="Henrique LISTA; EmersonIPTV">
	<extension point="xbmc.addon.repository" name="Henrique Lista PLAY Repository">
		<info compressed="false">https://painelhenriquelista.000webhostapp.com/HenriqueLista.repo/addons.xml</info>
		<checksum>https://painelhenriquelista.000webhostapp.com/HenriqueLista.repo/addons.xml.md5</checksum>
		<datadir zip="true">https://painelhenriquelista.000webhostapp.com/HenriqueLista.repo/</datadir>
	</extension>
	<extension point="xbmc.addon.metadata">
		<summary>Welcome to the Henrique Lista PLAY Repository where you will find all Rafael Addon produced Addon-ons and wizards</summary>
		<description>The Best Media Center Box Available</description>
		<platform>all</platform>
	</extension>
</addon>
