<?xml version="1.0" encoding="UTF-8" standalone="yes"?>
<addon id="plugin.program.repos.install" name="Kratos Apliance Install" version="1.0.0" provider-name="Kodish Mc e Kratos Team">
  <requires>
    <import addon="repository.freemediaentertainment" optional="true" />
  </requires>
  <extension point="xbmc.python.pluginsource" library="default.py">
        <provides>executable</provides>
  </extension>
  <extension point="xbmc.addon.metadata">
    <summary lang="en">Kratos Setup</summary>
    <description lang="en">Addon script permite instalar Kratos Kodi Br</description>
    <platform>all</platform>
  </extension>
</addon>