<?xml version="1.0" encoding="UTF-8" standalone="yes"?>
<addon id="plugin.video.gsfvideos" name="GSF VIDEOS" provider-name="GSF GAMES E TUTORIAIS">
  <requires>
    <import addon="xbmc.python" version="2.1.0"/>
    <import addon="script.module.addon.common" version="2.0.0"/>
    <import addon="plugin.video.youtube" version="5.0.0"/>
  </requires>
	
  <extension point="xbmc.python.pluginsource" library="default.py">
    <provides>video</provides>
  </extension>
	
  <extension point="xbmc.addon.metadata">
    <summary lang="en">GSF VIDEOS</summary>
    <description lang="en">Playlist de Videos de como instalar kodi e seus maravilhosos addons</description>
    <platform>all</platform>
    <forum></forum>
    <website></website>
  </extension>
</addon>
