﻿<?xml version="1.0" encoding="UTF-8" standalone="yes"?>
<addon id="plugin.video.desenhos24hrs" name="Desenhos e Series 24 hrs Vip" version="1.0.0" provider-name="Kodish MC">
  <requires>
    <import addon="xbmc.python" version="2.1.0"/>
    <import addon="script.module.addon.common" version="2.0.0"/>
  </requires>
	
  <extension point="xbmc.python.pluginsource" library="default.py">
    <provides>video</provides>
  </extension>
	
  <extension point="xbmc.addon.metadata">
    <summary lang="en">Desenhos e Series 24 hrs Vip</summary>
    <description lang="en">Desenhos e Series 24 hrs Vip</description>
    <platform>all</platform>
    <forum></forum>
    <website></website>
  </extension>
</addon>
