﻿<?xml version="1.0" encoding="UTF-8" standalone="yes"?>
<addon id="plugin.video.jphits" name="Jovem Pan Hits" version="1.0.0" provider-name="Kodish Team">
  <requires>
    <import addon="xbmc.python" version="2.1.0"/>
    <import addon="script.module.addon.common" version="2.0.0"/>
    <import addon="plugin.video.youtube" version="5.0.0"/>
  </requires>
	
  <extension point="xbmc.python.pluginsource" library="default.py">
    <provides>music</provides>
  </extension>
	
  <extension point="xbmc.addon.metadata">
    <summary lang="en">Hits da Jovem Pan</summary>
    <description lang="en">Uma colecao de musicas da jovem pan</description>
    <platform>all</platform>
    <forum></forum>
    <website></website>
  </extension>
</addon>
