<?xml version="1.0" encoding="UTF-8" standalone="yes"?>
<addon id="plugin.video.ouvirmusica" name="[COLOR gray]Ouvir[COLOR red]Música[/COLOR]" version="1.0" provider-name="Cleiton Leonel Creton,Filipe Carvalho">
  <requires>
    <import addon="xbmc.python" version="2.1.0"/>
  </requires>
  <extension point="xbmc.python.pluginsource" library="default.py">
    <provides>video</provides>
  </extension>
  <extension point="xbmc.addon.metadata">
    <language>en</language>
    <platform>all</platform>
    <summary lang="en">Ouvir música</summary>
    <description lang="en">Assista aos seus Clipes favoritos com esse incrivel addon-br
</description>
    <platform>all</platform>
  </extension>
</addon>