<?xml version="1.0" encoding="UTF-8" standalone="yes"?>
<addon id="plugin.video.youplayer" version="3.0.0" name="Youplay" provider-name="Kodishmc">
  <requires>
    <import addon="xbmc.python" version="2.1.0"/>
    <import addon="script.module.addon.common" version="2.0.0"/>
    <import addon="plugin.video.youtube" version="5.0.0"/>
  </requires>
	
  <extension point="xbmc.python.pluginsource" library="default.py">
    <provides>video</provides>
  </extension>
	
  <extension point="xbmc.addon.metadata">
    <summary lang="en">Youplay TV</summary>
    <description lang="en">Esse Addon pode subir playlist do youtube,e montar listas de videos m3u e subir 3 videos multiplos seguidos</description>
    <platform>all</platform>
    <forum></forum>
    <website></website>
  </extension>
</addon>
