
 <channels>
 <channel>
 <name>Scooby-Doo</name>
 <thumbnail>https://raw.githubusercontent.com/kodishmediacenter/omega/master/scooby-doo/scooby-doo-4.jpg</thumbnail>
 <externallink>https://raw.githubusercontent.com/kodishmediacenter/omega/master/scooby-doo/main.txt</externallink>
 <fanart>https://raw.githubusercontent.com/kodishmediacenter/omega/master/scooby-doo/painel-1-50x1-scooby-doo-painel.jpg</fanart>
 <info>Coleção completa de Scooby-Doo</info>
 </channel>
 </channels>
 <channels>
 <channel>
 <name>Scooby-Doo</name>
 <thumbnail>https://raw.githubusercontent.com/kodishmediacenter/omega/master/scooby-doo/scooby-doo-4.jpg</thumbnail>
 <externallink>https://raw.githubusercontent.com/kodishmediacenter/omega/master/scooby-doo/main.txt</externallink>
 <fanart>https://raw.githubusercontent.com/kodishmediacenter/omega/master/scooby-doo/painel-1-50x1-scooby-doo-painel.jpg</fanart>
 <info>Coleção completa de Scooby-Doo</info>
 </channel>
 </channels> 
 <channels>
 <channel>
 <name>Lista DWT</name>
 <thumbnail>https://e7.pngegg.com/pngimages/406/997/png-clipart-siberian-husky-black-wolf-wall-decal-others-white-mammal.png</thumbnail>
 <externallink>https://raw.githubusercontent.com/kodishmediacenter/omega/master/dwt/main.txt</externallink>
 <fanart>https://i.imgur.com/QIvFo82.jpg</fanart>
 <info></info>
 </channel>
 </channels>