<?xml version="1.0" encoding="UTF-8" standalone="yes"?>
<addon id="plugin.video.Mr.Wil info Kodi Center" name="Mr.Wil info Kodi Center" version="1.0.0" provider-name="Marcio">
 
 <requires>
    <import addon="xbmc.python" version="2.1.0"/>
    <import addon="script.module.addon.common" version="2.0.0"/>
    <import addon="plugin.video.youtube" version="5.0.0"/>
  </requires>
	
  <extension point="xbmc.python.pluginsource" library="default.py">
    <provides>video</provides>
  </extension>
	
  <extension point="xbmc.addon.metadata">
    <summary lang="en">Mr.Wil info Kodi Center</summary>
    <description lang="en">Canal do Youtube Mr.Wil info Kodi Center 	diretamente no Kodi</description>
    <platform>all</platform>
    <forum></forum>
    <website></website>
  </extension>
</addon>
